origin_date,target,target_end_date,horizon,location,output_type,output_type_id,value
2026-04-15,ILI incidence,2026-04-12,1,CZ,quantile,0.01,3.063823607189392
2026-04-15,ILI incidence,2026-04-19,2,CZ,quantile,0.01,1.9160781477476114
2026-04-15,ILI incidence,2026-04-26,3,CZ,quantile,0.01,1.1541509732958959
2026-04-15,ILI incidence,2026-05-03,4,CZ,quantile,0.01,0.6604287777411845
2026-04-15,ILI incidence,2026-04-12,1,CZ,quantile,0.025,3.1245806692945166
2026-04-15,ILI incidence,2026-04-19,2,CZ,quantile,0.025,1.9790905104258927
2026-04-15,ILI incidence,2026-04-26,3,CZ,quantile,0.025,1.1924304466642277
2026-04-15,ILI incidence,2026-05-03,4,CZ,quantile,0.025,0.6888211617500168
2026-04-15,ILI incidence,2026-04-12,1,CZ,quantile,0.05,3.1926690503311925
2026-04-15,ILI incidence,2026-04-19,2,CZ,quantile,0.05,2.0185493174570084
2026-04-15,ILI incidence,2026-04-26,3,CZ,quantile,0.05,1.228678574712801
2026-04-15,ILI incidence,2026-05-03,4,CZ,quantile,0.05,0.7151675814287174
2026-04-15,ILI incidence,2026-04-12,1,CZ,quantile,0.1,3.311520495025704
2026-04-15,ILI incidence,2026-04-19,2,CZ,quantile,0.1,2.0840504324467948
2026-04-15,ILI incidence,2026-04-26,3,CZ,quantile,0.1,1.2688813722776013
2026-04-15,ILI incidence,2026-05-03,4,CZ,quantile,0.1,0.7599436670869826
2026-04-15,ILI incidence,2026-04-12,1,CZ,quantile,0.15,3.4149011672772183
2026-04-15,ILI incidence,2026-04-19,2,CZ,quantile,0.15,2.1395788311577535
2026-04-15,ILI incidence,2026-04-26,3,CZ,quantile,0.15,1.3122296779569516
2026-04-15,ILI incidence,2026-05-03,4,CZ,quantile,0.15,0.7895258820427483
2026-04-15,ILI incidence,2026-04-12,1,CZ,quantile,0.2,3.5100699664641297
2026-04-15,ILI incidence,2026-04-19,2,CZ,quantile,0.2,2.209002549338228
2026-04-15,ILI incidence,2026-04-26,3,CZ,quantile,0.2,1.3621345344570326
2026-04-15,ILI incidence,2026-05-03,4,CZ,quantile,0.2,0.8189519882648841
2026-04-15,ILI incidence,2026-04-12,1,CZ,quantile,0.25,3.604212717632205
2026-04-15,ILI incidence,2026-04-19,2,CZ,quantile,0.25,2.269219986401676
2026-04-15,ILI incidence,2026-04-26,3,CZ,quantile,0.25,1.4046749554675602
2026-04-15,ILI incidence,2026-05-03,4,CZ,quantile,0.25,0.8471800172217365
2026-04-15,ILI incidence,2026-04-12,1,CZ,quantile,0.3,3.7315057877345046
2026-04-15,ILI incidence,2026-04-19,2,CZ,quantile,0.3,2.3366158034948494
2026-04-15,ILI incidence,2026-04-26,3,CZ,quantile,0.3,1.448667027797746
2026-04-15,ILI incidence,2026-05-03,4,CZ,quantile,0.3,0.8727873903700382
2026-04-15,ILI incidence,2026-04-12,1,CZ,quantile,0.35,3.8598761387612233
2026-04-15,ILI incidence,2026-04-19,2,CZ,quantile,0.35,2.4023552014264764
2026-04-15,ILI incidence,2026-04-26,3,CZ,quantile,0.35,1.48785706561276
2026-04-15,ILI incidence,2026-05-03,4,CZ,quantile,0.35,0.9015361064541298
2026-04-15,ILI incidence,2026-04-12,1,CZ,quantile,0.4,3.9745765295121673
2026-04-15,ILI incidence,2026-04-19,2,CZ,quantile,0.4,2.4980139733175193
2026-04-15,ILI incidence,2026-04-26,3,CZ,quantile,0.4,1.5349095120564649
2026-04-15,ILI incidence,2026-05-03,4,CZ,quantile,0.4,0.9360497495457433
2026-04-15,ILI incidence,2026-04-12,1,CZ,quantile,0.45,4.1063365903435205
2026-04-15,ILI incidence,2026-04-19,2,CZ,quantile,0.45,2.5835479052095116
2026-04-15,ILI incidence,2026-04-26,3,CZ,quantile,0.45,1.5939651450429304
2026-04-15,ILI incidence,2026-05-03,4,CZ,quantile,0.45,0.9691596151461686
2026-04-15,ILI incidence,2026-04-12,1,CZ,quantile,0.5,4.231433638290105
2026-04-15,ILI incidence,2026-04-19,2,CZ,quantile,0.5,2.66710678472851
2026-04-15,ILI incidence,2026-04-26,3,CZ,quantile,0.5,1.6449619075854045
2026-04-15,ILI incidence,2026-05-03,4,CZ,quantile,0.5,0.9981001950012114
2026-04-15,ILI incidence,2026-04-12,1,CZ,quantile,0.55,4.362074081910507
2026-04-15,ILI incidence,2026-04-19,2,CZ,quantile,0.55,2.755839600333481
2026-04-15,ILI incidence,2026-04-26,3,CZ,quantile,0.55,1.7034967251389075
2026-04-15,ILI incidence,2026-05-03,4,CZ,quantile,0.55,1.0326544624742995
2026-04-15,ILI incidence,2026-04-12,1,CZ,quantile,0.6,4.488812540875828
2026-04-15,ILI incidence,2026-04-19,2,CZ,quantile,0.6,2.8373584481240233
2026-04-15,ILI incidence,2026-04-26,3,CZ,quantile,0.6,1.7579604857399729
2026-04-15,ILI incidence,2026-05-03,4,CZ,quantile,0.6,1.0707294460178933
2026-04-15,ILI incidence,2026-04-12,1,CZ,quantile,0.65,4.620402107307655
2026-04-15,ILI incidence,2026-04-19,2,CZ,quantile,0.65,2.9175808514176556
2026-04-15,ILI incidence,2026-04-26,3,CZ,quantile,0.65,1.8157373679869175
2026-04-15,ILI incidence,2026-05-03,4,CZ,quantile,0.65,1.108235440043875
2026-04-15,ILI incidence,2026-04-12,1,CZ,quantile,0.7,4.777535873989834
2026-04-15,ILI incidence,2026-04-19,2,CZ,quantile,0.7,3.0199537916960963
2026-04-15,ILI incidence,2026-04-26,3,CZ,quantile,0.7,1.8862111702422213
2026-04-15,ILI incidence,2026-05-03,4,CZ,quantile,0.7,1.1499902657360241
2026-04-15,ILI incidence,2026-04-12,1,CZ,quantile,0.75,4.950371701216536
2026-04-15,ILI incidence,2026-04-19,2,CZ,quantile,0.75,3.1227570100926476
2026-04-15,ILI incidence,2026-04-26,3,CZ,quantile,0.75,1.9658513898558176
2026-04-15,ILI incidence,2026-05-03,4,CZ,quantile,0.75,1.2041864513701033
2026-04-15,ILI incidence,2026-04-12,1,CZ,quantile,0.8,5.1442666886254385
2026-04-15,ILI incidence,2026-04-19,2,CZ,quantile,0.8,3.258711666606792
2026-04-15,ILI incidence,2026-04-26,3,CZ,quantile,0.8,2.045287561243819
2026-04-15,ILI incidence,2026-05-03,4,CZ,quantile,0.8,1.2700883662951041
2026-04-15,ILI incidence,2026-04-12,1,CZ,quantile,0.85,5.33344039999701
2026-04-15,ILI incidence,2026-04-19,2,CZ,quantile,0.85,3.393548982214571
2026-04-15,ILI incidence,2026-04-26,3,CZ,quantile,0.85,2.142472990100349
2026-04-15,ILI incidence,2026-05-03,4,CZ,quantile,0.85,1.3423570377972733
2026-04-15,ILI incidence,2026-04-12,1,CZ,quantile,0.9,5.626761347445153
2026-04-15,ILI incidence,2026-04-19,2,CZ,quantile,0.9,3.669247206747331
2026-04-15,ILI incidence,2026-04-26,3,CZ,quantile,0.9,2.3022944888702166
2026-04-15,ILI incidence,2026-05-03,4,CZ,quantile,0.9,1.437175606030077
2026-04-15,ILI incidence,2026-04-12,1,CZ,quantile,0.95,6.262621582231745
2026-04-15,ILI incidence,2026-04-19,2,CZ,quantile,0.95,4.112007571253961
2026-04-15,ILI incidence,2026-04-26,3,CZ,quantile,0.95,2.672502589825454
2026-04-15,ILI incidence,2026-05-03,4,CZ,quantile,0.95,1.6717046465408902
2026-04-15,ILI incidence,2026-04-12,1,CZ,quantile,0.975,6.733588959751032
2026-04-15,ILI incidence,2026-04-19,2,CZ,quantile,0.975,4.472542275800114
2026-04-15,ILI incidence,2026-04-26,3,CZ,quantile,0.975,3.095942624897581
2026-04-15,ILI incidence,2026-05-03,4,CZ,quantile,0.975,2.046057242156408
2026-04-15,ILI incidence,2026-04-12,1,CZ,quantile,0.99,7.32589808840611
2026-04-15,ILI incidence,2026-04-19,2,CZ,quantile,0.99,5.005075485638844
2026-04-15,ILI incidence,2026-04-26,3,CZ,quantile,0.99,3.341605591713219
2026-04-15,ILI incidence,2026-05-03,4,CZ,quantile,0.99,2.2557402939930675
2026-04-15,ILI incidence,2026-04-12,1,CZ,median,,4.231433638290105
2026-04-15,ILI incidence,2026-04-19,2,CZ,median,,2.66710678472851
2026-04-15,ILI incidence,2026-04-26,3,CZ,median,,1.6449619075854045
2026-04-15,ILI incidence,2026-05-03,4,CZ,median,,0.9981001950012114
2026-04-15,ILI incidence,2026-04-12,1,DK,quantile,0.01,53.15603120876113
2026-04-15,ILI incidence,2026-04-19,2,DK,quantile,0.01,40.748453096546235
2026-04-15,ILI incidence,2026-04-26,3,DK,quantile,0.01,30.650038846080378
2026-04-15,ILI incidence,2026-05-03,4,DK,quantile,0.01,22.63385390501272
2026-04-15,ILI incidence,2026-04-12,1,DK,quantile,0.025,53.44864530425931
2026-04-15,ILI incidence,2026-04-19,2,DK,quantile,0.025,41.43189048623331
2026-04-15,ILI incidence,2026-04-26,3,DK,quantile,0.025,31.452247735359244
2026-04-15,ILI incidence,2026-05-03,4,DK,quantile,0.025,23.620096256448605
2026-04-15,ILI incidence,2026-04-12,1,DK,quantile,0.05,53.93258960990075
2026-04-15,ILI incidence,2026-04-19,2,DK,quantile,0.05,42.15689570361616
2026-04-15,ILI incidence,2026-04-26,3,DK,quantile,0.05,32.46937323449668
2026-04-15,ILI incidence,2026-05-03,4,DK,quantile,0.05,24.696860875456057
2026-04-15,ILI incidence,2026-04-12,1,DK,quantile,0.1,54.61971834552548
2026-04-15,ILI incidence,2026-04-19,2,DK,quantile,0.1,42.93328564549744
2026-04-15,ILI incidence,2026-04-26,3,DK,quantile,0.1,33.285713861755404
2026-04-15,ILI incidence,2026-05-03,4,DK,quantile,0.1,25.541919535031568
2026-04-15,ILI incidence,2026-04-12,1,DK,quantile,0.15,55.14792663913214
2026-04-15,ILI incidence,2026-04-19,2,DK,quantile,0.15,43.50739186178398
2026-04-15,ILI incidence,2026-04-26,3,DK,quantile,0.15,33.848363294180956
2026-04-15,ILI incidence,2026-05-03,4,DK,quantile,0.15,26.111434288632807
2026-04-15,ILI incidence,2026-04-12,1,DK,quantile,0.2,55.530824373955625
2026-04-15,ILI incidence,2026-04-19,2,DK,quantile,0.2,43.963517229751076
2026-04-15,ILI incidence,2026-04-26,3,DK,quantile,0.2,34.361534106348266
2026-04-15,ILI incidence,2026-05-03,4,DK,quantile,0.2,26.623129898389518
2026-04-15,ILI incidence,2026-04-12,1,DK,quantile,0.25,55.83991259869365
2026-04-15,ILI incidence,2026-04-19,2,DK,quantile,0.25,44.37699025177854
2026-04-15,ILI incidence,2026-04-26,3,DK,quantile,0.25,34.823327345143824
2026-04-15,ILI incidence,2026-05-03,4,DK,quantile,0.25,27.063775066456305
2026-04-15,ILI incidence,2026-04-12,1,DK,quantile,0.3,56.18365195496066
2026-04-15,ILI incidence,2026-04-19,2,DK,quantile,0.3,44.77034903282756
2026-04-15,ILI incidence,2026-04-26,3,DK,quantile,0.3,35.22410063242836
2026-04-15,ILI incidence,2026-05-03,4,DK,quantile,0.3,27.446310410739745
2026-04-15,ILI incidence,2026-04-12,1,DK,quantile,0.35,56.51720934684975
2026-04-15,ILI incidence,2026-04-19,2,DK,quantile,0.35,45.17596676744671
2026-04-15,ILI incidence,2026-04-26,3,DK,quantile,0.35,35.663127906475
2026-04-15,ILI incidence,2026-05-03,4,DK,quantile,0.35,27.89445021862741
2026-04-15,ILI incidence,2026-04-12,1,DK,quantile,0.4,56.87050268946165
2026-04-15,ILI incidence,2026-04-19,2,DK,quantile,0.4,45.563266026895334
2026-04-15,ILI incidence,2026-04-26,3,DK,quantile,0.4,36.15562907562179
2026-04-15,ILI incidence,2026-05-03,4,DK,quantile,0.4,28.306345205311217
2026-04-15,ILI incidence,2026-04-12,1,DK,quantile,0.45,57.24835275754545
2026-04-15,ILI incidence,2026-04-19,2,DK,quantile,0.45,45.9399492575344
2026-04-15,ILI incidence,2026-04-26,3,DK,quantile,0.45,36.49062587885488
2026-04-15,ILI incidence,2026-05-03,4,DK,quantile,0.45,28.73409547315176
2026-04-15,ILI incidence,2026-04-12,1,DK,quantile,0.5,57.615485123187355
2026-04-15,ILI incidence,2026-04-19,2,DK,quantile,0.5,46.306441682356144
2026-04-15,ILI incidence,2026-04-26,3,DK,quantile,0.5,36.85324350242048
2026-04-15,ILI incidence,2026-05-03,4,DK,quantile,0.5,29.06496042960258
2026-04-15,ILI incidence,2026-04-12,1,DK,quantile,0.55,57.95002898116789
2026-04-15,ILI incidence,2026-04-19,2,DK,quantile,0.55,46.7342738116075
2026-04-15,ILI incidence,2026-04-26,3,DK,quantile,0.55,37.229509417083555
2026-04-15,ILI incidence,2026-05-03,4,DK,quantile,0.55,29.395307984135115
2026-04-15,ILI incidence,2026-04-12,1,DK,quantile,0.6,58.32355757147719
2026-04-15,ILI incidence,2026-04-19,2,DK,quantile,0.6,47.089729617411315
2026-04-15,ILI incidence,2026-04-26,3,DK,quantile,0.6,37.62855133929878
2026-04-15,ILI incidence,2026-05-03,4,DK,quantile,0.6,29.789599057101963
2026-04-15,ILI incidence,2026-04-12,1,DK,quantile,0.65,58.65435755210119
2026-04-15,ILI incidence,2026-04-19,2,DK,quantile,0.65,47.44057473931001
2026-04-15,ILI incidence,2026-04-26,3,DK,quantile,0.65,38.01876412482119
2026-04-15,ILI incidence,2026-05-03,4,DK,quantile,0.65,30.258184616186373
2026-04-15,ILI incidence,2026-04-12,1,DK,quantile,0.7,59.03752303330337
2026-04-15,ILI incidence,2026-04-19,2,DK,quantile,0.7,47.87385035478378
2026-04-15,ILI incidence,2026-04-26,3,DK,quantile,0.7,38.47597137676528
2026-04-15,ILI incidence,2026-05-03,4,DK,quantile,0.7,30.771661643917298
2026-04-15,ILI incidence,2026-04-12,1,DK,quantile,0.75,59.37137530975168
2026-04-15,ILI incidence,2026-04-19,2,DK,quantile,0.75,48.28549239060044
2026-04-15,ILI incidence,2026-04-26,3,DK,quantile,0.75,39.02869475559781
2026-04-15,ILI incidence,2026-05-03,4,DK,quantile,0.75,31.254003074682323
2026-04-15,ILI incidence,2026-04-12,1,DK,quantile,0.8,59.857146664198915
2026-04-15,ILI incidence,2026-04-19,2,DK,quantile,0.8,48.82473191012385
2026-04-15,ILI incidence,2026-04-26,3,DK,quantile,0.8,39.56269886316565
2026-04-15,ILI incidence,2026-05-03,4,DK,quantile,0.8,31.81554039804035
2026-04-15,ILI incidence,2026-04-12,1,DK,quantile,0.85,60.49011342074468
2026-04-15,ILI incidence,2026-04-19,2,DK,quantile,0.85,49.45151976915887
2026-04-15,ILI incidence,2026-04-26,3,DK,quantile,0.85,40.27517767728455
2026-04-15,ILI incidence,2026-05-03,4,DK,quantile,0.85,32.35219964206028
2026-04-15,ILI incidence,2026-04-12,1,DK,quantile,0.9,61.29822790287845
2026-04-15,ILI incidence,2026-04-19,2,DK,quantile,0.9,50.36499138847185
2026-04-15,ILI incidence,2026-04-26,3,DK,quantile,0.9,41.0167581532387
2026-04-15,ILI incidence,2026-05-03,4,DK,quantile,0.9,33.18220149104944
2026-04-15,ILI incidence,2026-04-12,1,DK,quantile,0.95,62.362888619743586
2026-04-15,ILI incidence,2026-04-19,2,DK,quantile,0.95,51.44394465378394
2026-04-15,ILI incidence,2026-04-26,3,DK,quantile,0.95,42.11796318104942
2026-04-15,ILI incidence,2026-05-03,4,DK,quantile,0.95,34.459078232821845
2026-04-15,ILI incidence,2026-04-12,1,DK,quantile,0.975,63.34723501115929
2026-04-15,ILI incidence,2026-04-19,2,DK,quantile,0.975,52.46744227596046
2026-04-15,ILI incidence,2026-04-26,3,DK,quantile,0.975,43.25442717376047
2026-04-15,ILI incidence,2026-05-03,4,DK,quantile,0.975,35.46817925644032
2026-04-15,ILI incidence,2026-04-12,1,DK,quantile,0.99,64.4668296123129
2026-04-15,ILI incidence,2026-04-19,2,DK,quantile,0.99,53.77031354546006
2026-04-15,ILI incidence,2026-04-26,3,DK,quantile,0.99,45.011400435233455
2026-04-15,ILI incidence,2026-05-03,4,DK,quantile,0.99,36.984973509505636
2026-04-15,ILI incidence,2026-04-12,1,DK,median,,57.615485123187355
2026-04-15,ILI incidence,2026-04-19,2,DK,median,,46.306441682356144
2026-04-15,ILI incidence,2026-04-26,3,DK,median,,36.85324350242048
2026-04-15,ILI incidence,2026-05-03,4,DK,median,,29.06496042960258
2026-04-15,ILI incidence,2026-04-12,1,EE,quantile,0.01,181.1677701698191
2026-04-15,ILI incidence,2026-04-19,2,EE,quantile,0.01,150.22345642347528
2026-04-15,ILI incidence,2026-04-26,3,EE,quantile,0.01,122.21161509440076
2026-04-15,ILI incidence,2026-05-03,4,EE,quantile,0.01,97.09095070493223
2026-04-15,ILI incidence,2026-04-12,1,EE,quantile,0.025,184.51263115910615
2026-04-15,ILI incidence,2026-04-19,2,EE,quantile,0.025,154.1391571148181
2026-04-15,ILI incidence,2026-04-26,3,EE,quantile,0.025,125.50806974526301
2026-04-15,ILI incidence,2026-05-03,4,EE,quantile,0.025,100.84540501354302
2026-04-15,ILI incidence,2026-04-12,1,EE,quantile,0.05,189.17082338778795
2026-04-15,ILI incidence,2026-04-19,2,EE,quantile,0.05,158.19706524763788
2026-04-15,ILI incidence,2026-04-26,3,EE,quantile,0.05,129.16552735858434
2026-04-15,ILI incidence,2026-05-03,4,EE,quantile,0.05,103.06833409213472
2026-04-15,ILI incidence,2026-04-12,1,EE,quantile,0.1,194.18890133219605
2026-04-15,ILI incidence,2026-04-19,2,EE,quantile,0.1,163.43655504491053
2026-04-15,ILI incidence,2026-04-26,3,EE,quantile,0.1,133.97317842226795
2026-04-15,ILI incidence,2026-05-03,4,EE,quantile,0.1,108.14213367854921
2026-04-15,ILI incidence,2026-04-12,1,EE,quantile,0.15,197.81956904272155
2026-04-15,ILI incidence,2026-04-19,2,EE,quantile,0.15,167.05056565600702
2026-04-15,ILI incidence,2026-04-26,3,EE,quantile,0.15,138.09173569279216
2026-04-15,ILI incidence,2026-05-03,4,EE,quantile,0.15,112.03903405341592
2026-04-15,ILI incidence,2026-04-12,1,EE,quantile,0.2,201.1163132417108
2026-04-15,ILI incidence,2026-04-19,2,EE,quantile,0.2,170.42908103787533
2026-04-15,ILI incidence,2026-04-26,3,EE,quantile,0.2,141.64464058827713
2026-04-15,ILI incidence,2026-05-03,4,EE,quantile,0.2,115.43508601885127
2026-04-15,ILI incidence,2026-04-12,1,EE,quantile,0.25,203.56959966180528
2026-04-15,ILI incidence,2026-04-19,2,EE,quantile,0.25,173.47401998797253
2026-04-15,ILI incidence,2026-04-26,3,EE,quantile,0.25,144.64663105698105
2026-04-15,ILI incidence,2026-05-03,4,EE,quantile,0.25,118.24637655661488
2026-04-15,ILI incidence,2026-04-12,1,EE,quantile,0.3,206.19950722651234
2026-04-15,ILI incidence,2026-04-19,2,EE,quantile,0.3,176.16001431258712
2026-04-15,ILI incidence,2026-04-26,3,EE,quantile,0.3,147.09063179987473
2026-04-15,ILI incidence,2026-05-03,4,EE,quantile,0.3,120.7689334161218
2026-04-15,ILI incidence,2026-04-12,1,EE,quantile,0.35,208.24788920505463
2026-04-15,ILI incidence,2026-04-19,2,EE,quantile,0.35,178.30748882400772
2026-04-15,ILI incidence,2026-04-26,3,EE,quantile,0.35,149.5813642214088
2026-04-15,ILI incidence,2026-05-03,4,EE,quantile,0.35,123.7402697388526
2026-04-15,ILI incidence,2026-04-12,1,EE,quantile,0.4,210.8381651631743
2026-04-15,ILI incidence,2026-04-19,2,EE,quantile,0.4,181.0867737934777
2026-04-15,ILI incidence,2026-04-26,3,EE,quantile,0.4,151.94850945275337
2026-04-15,ILI incidence,2026-05-03,4,EE,quantile,0.4,126.55093586184258
2026-04-15,ILI incidence,2026-04-12,1,EE,quantile,0.45,212.95391507981404
2026-04-15,ILI incidence,2026-04-19,2,EE,quantile,0.45,183.19835495053007
2026-04-15,ILI incidence,2026-04-26,3,EE,quantile,0.45,154.8858630221509
2026-04-15,ILI incidence,2026-05-03,4,EE,quantile,0.45,129.51279696964963
2026-04-15,ILI incidence,2026-04-12,1,EE,quantile,0.5,215.0512173421487
2026-04-15,ILI incidence,2026-04-19,2,EE,quantile,0.5,185.83735378788833
2026-04-15,ILI incidence,2026-04-26,3,EE,quantile,0.5,157.91565352883848
2026-04-15,ILI incidence,2026-05-03,4,EE,quantile,0.5,131.95782502882656
2026-04-15,ILI incidence,2026-04-12,1,EE,quantile,0.55,217.00466681356292
2026-04-15,ILI incidence,2026-04-19,2,EE,quantile,0.55,188.59473672929045
2026-04-15,ILI incidence,2026-04-26,3,EE,quantile,0.55,161.26198907162134
2026-04-15,ILI incidence,2026-05-03,4,EE,quantile,0.55,135.35351902697067
2026-04-15,ILI incidence,2026-04-12,1,EE,quantile,0.6,219.50642978390465
2026-04-15,ILI incidence,2026-04-19,2,EE,quantile,0.6,191.52396187227853
2026-04-15,ILI incidence,2026-04-26,3,EE,quantile,0.6,163.89497138549356
2026-04-15,ILI incidence,2026-05-03,4,EE,quantile,0.6,137.71837074442536
2026-04-15,ILI incidence,2026-04-12,1,EE,quantile,0.65,221.41167314965537
2026-04-15,ILI incidence,2026-04-19,2,EE,quantile,0.65,193.92944842544392
2026-04-15,ILI incidence,2026-04-26,3,EE,quantile,0.65,166.54520299784133
2026-04-15,ILI incidence,2026-05-03,4,EE,quantile,0.65,140.89334860396886
2026-04-15,ILI incidence,2026-04-12,1,EE,quantile,0.7,223.76584167985388
2026-04-15,ILI incidence,2026-04-19,2,EE,quantile,0.7,196.8753342598582
2026-04-15,ILI incidence,2026-04-26,3,EE,quantile,0.7,169.4434376819042
2026-04-15,ILI incidence,2026-05-03,4,EE,quantile,0.7,144.52625241020556
2026-04-15,ILI incidence,2026-04-12,1,EE,quantile,0.75,225.96711989542504
2026-04-15,ILI incidence,2026-04-19,2,EE,quantile,0.75,200.14242224145212
2026-04-15,ILI incidence,2026-04-26,3,EE,quantile,0.75,174.40042854145184
2026-04-15,ILI incidence,2026-05-03,4,EE,quantile,0.75,148.23658789062168
2026-04-15,ILI incidence,2026-04-12,1,EE,quantile,0.8,228.40319701723283
2026-04-15,ILI incidence,2026-04-19,2,EE,quantile,0.8,203.09569215336043
2026-04-15,ILI incidence,2026-04-26,3,EE,quantile,0.8,177.60131439578822
2026-04-15,ILI incidence,2026-05-03,4,EE,quantile,0.8,153.1991319895691
2026-04-15,ILI incidence,2026-04-12,1,EE,quantile,0.85,231.73499176385118
2026-04-15,ILI incidence,2026-04-19,2,EE,quantile,0.85,206.91403896386055
2026-04-15,ILI incidence,2026-04-26,3,EE,quantile,0.85,183.07022072003824
2026-04-15,ILI incidence,2026-05-03,4,EE,quantile,0.85,158.83095480795654
2026-04-15,ILI incidence,2026-04-12,1,EE,quantile,0.9,234.4189162712897
2026-04-15,ILI incidence,2026-04-19,2,EE,quantile,0.9,211.99234584191436
2026-04-15,ILI incidence,2026-04-26,3,EE,quantile,0.9,189.07939685182194
2026-04-15,ILI incidence,2026-05-03,4,EE,quantile,0.9,166.07258614826785
2026-04-15,ILI incidence,2026-04-12,1,EE,quantile,0.95,239.69590939295142
2026-04-15,ILI incidence,2026-04-19,2,EE,quantile,0.95,219.89976193655448
2026-04-15,ILI incidence,2026-04-26,3,EE,quantile,0.95,199.78651001415668
2026-04-15,ILI incidence,2026-05-03,4,EE,quantile,0.95,177.41663570746306
2026-04-15,ILI incidence,2026-04-12,1,EE,quantile,0.975,244.21534172030582
2026-04-15,ILI incidence,2026-04-19,2,EE,quantile,0.975,227.27656747561844
2026-04-15,ILI incidence,2026-04-26,3,EE,quantile,0.975,207.919047525839
2026-04-15,ILI incidence,2026-05-03,4,EE,quantile,0.975,187.0384800634533
2026-04-15,ILI incidence,2026-04-12,1,EE,quantile,0.99,249.5414440298509
2026-04-15,ILI incidence,2026-04-19,2,EE,quantile,0.99,237.20411564762307
2026-04-15,ILI incidence,2026-04-26,3,EE,quantile,0.99,228.83256401105373
2026-04-15,ILI incidence,2026-05-03,4,EE,quantile,0.99,206.70374598172006
2026-04-15,ILI incidence,2026-04-12,1,EE,median,,215.0512173421487
2026-04-15,ILI incidence,2026-04-19,2,EE,median,,185.83735378788833
2026-04-15,ILI incidence,2026-04-26,3,EE,median,,157.91565352883848
2026-04-15,ILI incidence,2026-05-03,4,EE,median,,131.95782502882656
2026-04-15,ILI incidence,2026-04-12,1,ES,quantile,0.01,3.5893300701594684
2026-04-15,ILI incidence,2026-04-19,2,ES,quantile,0.01,2.4569729286246913
2026-04-15,ILI incidence,2026-04-26,3,ES,quantile,0.01,1.6077614228554444
2026-04-15,ILI incidence,2026-05-03,4,ES,quantile,0.01,1.0385113436965798
2026-04-15,ILI incidence,2026-04-12,1,ES,quantile,0.025,3.819355299484783
2026-04-15,ILI incidence,2026-04-19,2,ES,quantile,0.025,2.5725370509599434
2026-04-15,ILI incidence,2026-04-26,3,ES,quantile,0.025,1.6939641424879819
2026-04-15,ILI incidence,2026-05-03,4,ES,quantile,0.025,1.082446416562595
2026-04-15,ILI incidence,2026-04-12,1,ES,quantile,0.05,3.9729404656981147
2026-04-15,ILI incidence,2026-04-19,2,ES,quantile,0.05,2.6684373686856793
2026-04-15,ILI incidence,2026-04-26,3,ES,quantile,0.05,1.7725138006906611
2026-04-15,ILI incidence,2026-05-03,4,ES,quantile,0.05,1.1485395025412695
2026-04-15,ILI incidence,2026-04-12,1,ES,quantile,0.1,4.263969033153917
2026-04-15,ILI incidence,2026-04-19,2,ES,quantile,0.1,2.9008916335393
2026-04-15,ILI incidence,2026-04-26,3,ES,quantile,0.1,1.9288117683683907
2026-04-15,ILI incidence,2026-05-03,4,ES,quantile,0.1,1.2595402224048002
2026-04-15,ILI incidence,2026-04-12,1,ES,quantile,0.15,4.696976655311908
2026-04-15,ILI incidence,2026-04-19,2,ES,quantile,0.15,3.1206759348440234
2026-04-15,ILI incidence,2026-04-26,3,ES,quantile,0.15,2.062198365300015
2026-04-15,ILI incidence,2026-05-03,4,ES,quantile,0.15,1.3411325969444634
2026-04-15,ILI incidence,2026-04-12,1,ES,quantile,0.2,4.914284287682627
2026-04-15,ILI incidence,2026-04-19,2,ES,quantile,0.2,3.2782487050167157
2026-04-15,ILI incidence,2026-04-26,3,ES,quantile,0.2,2.1446621637350862
2026-04-15,ILI incidence,2026-05-03,4,ES,quantile,0.2,1.3870552825183071
2026-04-15,ILI incidence,2026-04-12,1,ES,quantile,0.25,5.068621179583545
2026-04-15,ILI incidence,2026-04-19,2,ES,quantile,0.25,3.376741601046878
2026-04-15,ILI incidence,2026-04-26,3,ES,quantile,0.25,2.219755003493247
2026-04-15,ILI incidence,2026-05-03,4,ES,quantile,0.25,1.4297527601964162
2026-04-15,ILI incidence,2026-04-12,1,ES,quantile,0.3,5.203224041039766
2026-04-15,ILI incidence,2026-04-19,2,ES,quantile,0.3,3.4673165623535476
2026-04-15,ILI incidence,2026-04-26,3,ES,quantile,0.3,2.2657239843579635
2026-04-15,ILI incidence,2026-05-03,4,ES,quantile,0.3,1.4601159815302305
2026-04-15,ILI incidence,2026-04-12,1,ES,quantile,0.35,5.333394933845773
2026-04-15,ILI incidence,2026-04-19,2,ES,quantile,0.35,3.536263640467537
2026-04-15,ILI incidence,2026-04-26,3,ES,quantile,0.35,2.30912359857554
2026-04-15,ILI incidence,2026-05-03,4,ES,quantile,0.35,1.4899697718647154
2026-04-15,ILI incidence,2026-04-12,1,ES,quantile,0.4,5.411190859016676
2026-04-15,ILI incidence,2026-04-19,2,ES,quantile,0.4,3.5883825717195257
2026-04-15,ILI incidence,2026-04-26,3,ES,quantile,0.4,2.34598728062445
2026-04-15,ILI incidence,2026-05-03,4,ES,quantile,0.4,1.5182222555782936
2026-04-15,ILI incidence,2026-04-12,1,ES,quantile,0.45,5.484096254818868
2026-04-15,ILI incidence,2026-04-19,2,ES,quantile,0.45,3.6371816956429575
2026-04-15,ILI incidence,2026-04-26,3,ES,quantile,0.45,2.3835990459841088
2026-04-15,ILI incidence,2026-05-03,4,ES,quantile,0.45,1.5477871443888558
2026-04-15,ILI incidence,2026-04-12,1,ES,quantile,0.5,5.544365550065939
2026-04-15,ILI incidence,2026-04-19,2,ES,quantile,0.5,3.6860315708168327
2026-04-15,ILI incidence,2026-04-26,3,ES,quantile,0.5,2.416207750939501
2026-04-15,ILI incidence,2026-05-03,4,ES,quantile,0.5,1.5722384084982122
2026-04-15,ILI incidence,2026-04-12,1,ES,quantile,0.55,5.59732924556873
2026-04-15,ILI incidence,2026-04-19,2,ES,quantile,0.55,3.7294392281045834
2026-04-15,ILI incidence,2026-04-26,3,ES,quantile,0.55,2.4432432924949965
2026-04-15,ILI incidence,2026-05-03,4,ES,quantile,0.55,1.600889099828089
2026-04-15,ILI incidence,2026-04-12,1,ES,quantile,0.6,5.675993432523389
2026-04-15,ILI incidence,2026-04-19,2,ES,quantile,0.6,3.7713606671425177
2026-04-15,ILI incidence,2026-04-26,3,ES,quantile,0.6,2.494164104118296
2026-04-15,ILI incidence,2026-05-03,4,ES,quantile,0.6,1.624717402792261
2026-04-15,ILI incidence,2026-04-12,1,ES,quantile,0.65,5.731463469523335
2026-04-15,ILI incidence,2026-04-19,2,ES,quantile,0.65,3.825118526454468
2026-04-15,ILI incidence,2026-04-26,3,ES,quantile,0.65,2.538848855117116
2026-04-15,ILI incidence,2026-05-03,4,ES,quantile,0.65,1.6658497076175653
2026-04-15,ILI incidence,2026-04-12,1,ES,quantile,0.7,5.783994841445167
2026-04-15,ILI incidence,2026-04-19,2,ES,quantile,0.7,3.8817593484424453
2026-04-15,ILI incidence,2026-04-26,3,ES,quantile,0.7,2.572350331477884
2026-04-15,ILI incidence,2026-05-03,4,ES,quantile,0.7,1.689829701183783
2026-04-15,ILI incidence,2026-04-12,1,ES,quantile,0.75,5.838705225281341
2026-04-15,ILI incidence,2026-04-19,2,ES,quantile,0.75,3.9304262792458973
2026-04-15,ILI incidence,2026-04-26,3,ES,quantile,0.75,2.6151529743643134
2026-04-15,ILI incidence,2026-05-03,4,ES,quantile,0.75,1.7272277265051401
2026-04-15,ILI incidence,2026-04-12,1,ES,quantile,0.8,5.913267886980609
2026-04-15,ILI incidence,2026-04-19,2,ES,quantile,0.8,4.001705070234288
2026-04-15,ILI incidence,2026-04-26,3,ES,quantile,0.8,2.6799195607351862
2026-04-15,ILI incidence,2026-05-03,4,ES,quantile,0.8,1.787872363445338
2026-04-15,ILI incidence,2026-04-12,1,ES,quantile,0.85,6.011864543109498
2026-04-15,ILI incidence,2026-04-19,2,ES,quantile,0.85,4.071451278839802
2026-04-15,ILI incidence,2026-04-26,3,ES,quantile,0.85,2.7577238126538863
2026-04-15,ILI incidence,2026-05-03,4,ES,quantile,0.85,1.8570119300595378
2026-04-15,ILI incidence,2026-04-12,1,ES,quantile,0.9,6.124173564823474
2026-04-15,ILI incidence,2026-04-19,2,ES,quantile,0.9,4.201747609489817
2026-04-15,ILI incidence,2026-04-26,3,ES,quantile,0.9,2.863019548307439
2026-04-15,ILI incidence,2026-05-03,4,ES,quantile,0.9,1.9411462526816272
2026-04-15,ILI incidence,2026-04-12,1,ES,quantile,0.95,6.290770539894778
2026-04-15,ILI incidence,2026-04-19,2,ES,quantile,0.95,4.3316550684523385
2026-04-15,ILI incidence,2026-04-26,3,ES,quantile,0.95,2.960263718385455
2026-04-15,ILI incidence,2026-05-03,4,ES,quantile,0.95,2.0187822503007897
2026-04-15,ILI incidence,2026-04-12,1,ES,quantile,0.975,6.392244899109185
2026-04-15,ILI incidence,2026-04-19,2,ES,quantile,0.975,4.413992332290743
2026-04-15,ILI incidence,2026-04-26,3,ES,quantile,0.975,3.035268201807849
2026-04-15,ILI incidence,2026-05-03,4,ES,quantile,0.975,2.072803684804816
2026-04-15,ILI incidence,2026-04-12,1,ES,quantile,0.99,6.466539140111354
2026-04-15,ILI incidence,2026-04-19,2,ES,quantile,0.99,4.502808072496119
2026-04-15,ILI incidence,2026-04-26,3,ES,quantile,0.99,3.112922959649024
2026-04-15,ILI incidence,2026-05-03,4,ES,quantile,0.99,2.113678482952065
2026-04-15,ILI incidence,2026-04-12,1,ES,median,,5.544365550065939
2026-04-15,ILI incidence,2026-04-19,2,ES,median,,3.6860315708168327
2026-04-15,ILI incidence,2026-04-26,3,ES,median,,2.416207750939501
2026-04-15,ILI incidence,2026-05-03,4,ES,median,,1.5722384084982122
2026-04-15,ILI incidence,2026-04-12,1,GR,quantile,0.01,426.80887417685204
2026-04-15,ILI incidence,2026-04-19,2,GR,quantile,0.01,347.98651063678034
2026-04-15,ILI incidence,2026-04-26,3,GR,quantile,0.01,278.009968770856
2026-04-15,ILI incidence,2026-05-03,4,GR,quantile,0.01,216.03244271945204
2026-04-15,ILI incidence,2026-04-12,1,GR,quantile,0.025,431.3989180480023
2026-04-15,ILI incidence,2026-04-19,2,GR,quantile,0.025,355.6104991023681
2026-04-15,ILI incidence,2026-04-26,3,GR,quantile,0.025,283.5222037624636
2026-04-15,ILI incidence,2026-05-03,4,GR,quantile,0.025,221.32690156352712
2026-04-15,ILI incidence,2026-04-12,1,GR,quantile,0.05,438.8111130525818
2026-04-15,ILI incidence,2026-04-19,2,GR,quantile,0.05,361.2233734621393
2026-04-15,ILI incidence,2026-04-26,3,GR,quantile,0.05,290.14466221386874
2026-04-15,ILI incidence,2026-05-03,4,GR,quantile,0.05,229.1869948474901
2026-04-15,ILI incidence,2026-04-12,1,GR,quantile,0.1,447.3202314471814
2026-04-15,ILI incidence,2026-04-19,2,GR,quantile,0.1,371.4410831454834
2026-04-15,ILI incidence,2026-04-26,3,GR,quantile,0.1,301.3829738706434
2026-04-15,ILI incidence,2026-05-03,4,GR,quantile,0.1,239.84134524622638
2026-04-15,ILI incidence,2026-04-12,1,GR,quantile,0.15,454.2476908008907
2026-04-15,ILI incidence,2026-04-19,2,GR,quantile,0.15,380.7755706957135
2026-04-15,ILI incidence,2026-04-26,3,GR,quantile,0.15,309.80656582076983
2026-04-15,ILI incidence,2026-05-03,4,GR,quantile,0.15,247.48514225381595
2026-04-15,ILI incidence,2026-04-12,1,GR,quantile,0.2,461.73825499475777
2026-04-15,ILI incidence,2026-04-19,2,GR,quantile,0.2,388.5877148469302
2026-04-15,ILI incidence,2026-04-26,3,GR,quantile,0.2,319.7423707492345
2026-04-15,ILI incidence,2026-05-03,4,GR,quantile,0.2,256.31698300188145
2026-04-15,ILI incidence,2026-04-12,1,GR,quantile,0.25,466.8431128603363
2026-04-15,ILI incidence,2026-04-19,2,GR,quantile,0.25,396.5738622084116
2026-04-15,ILI incidence,2026-04-26,3,GR,quantile,0.25,327.78992197460275
2026-04-15,ILI incidence,2026-05-03,4,GR,quantile,0.25,265.7315018685177
2026-04-15,ILI incidence,2026-04-12,1,GR,quantile,0.3,471.8747647899184
2026-04-15,ILI incidence,2026-04-19,2,GR,quantile,0.3,402.1061893388699
2026-04-15,ILI incidence,2026-04-26,3,GR,quantile,0.3,336.0204460336948
2026-04-15,ILI incidence,2026-05-03,4,GR,quantile,0.3,274.4619509043927
2026-04-15,ILI incidence,2026-04-12,1,GR,quantile,0.35,476.65275668825063
2026-04-15,ILI incidence,2026-04-19,2,GR,quantile,0.35,407.93080878467157
2026-04-15,ILI incidence,2026-04-26,3,GR,quantile,0.35,344.5087795421741
2026-04-15,ILI incidence,2026-05-03,4,GR,quantile,0.35,285.51470880850917
2026-04-15,ILI incidence,2026-04-12,1,GR,quantile,0.4,481.96379668622524
2026-04-15,ILI incidence,2026-04-19,2,GR,quantile,0.4,413.68597430100715
2026-04-15,ILI incidence,2026-04-26,3,GR,quantile,0.4,351.7626310142268
2026-04-15,ILI incidence,2026-05-03,4,GR,quantile,0.4,293.580695177815
2026-04-15,ILI incidence,2026-04-12,1,GR,quantile,0.45,487.30822962823163
2026-04-15,ILI incidence,2026-04-19,2,GR,quantile,0.45,421.1957384313845
2026-04-15,ILI incidence,2026-04-26,3,GR,quantile,0.45,358.71064029100495
2026-04-15,ILI incidence,2026-05-03,4,GR,quantile,0.45,301.0131500893959
2026-04-15,ILI incidence,2026-04-12,1,GR,quantile,0.5,492.5340775418253
2026-04-15,ILI incidence,2026-04-19,2,GR,quantile,0.5,427.7831584388375
2026-04-15,ILI incidence,2026-04-26,3,GR,quantile,0.5,365.7376552283672
2026-04-15,ILI incidence,2026-05-03,4,GR,quantile,0.5,307.85325438381153
2026-04-15,ILI incidence,2026-04-12,1,GR,quantile,0.55,499.05994660909266
2026-04-15,ILI incidence,2026-04-19,2,GR,quantile,0.55,433.86665950302347
2026-04-15,ILI incidence,2026-04-26,3,GR,quantile,0.55,371.5900557188694
2026-04-15,ILI incidence,2026-05-03,4,GR,quantile,0.55,315.76374853231886
2026-04-15,ILI incidence,2026-04-12,1,GR,quantile,0.6,505.77179389301955
2026-04-15,ILI incidence,2026-04-19,2,GR,quantile,0.6,439.81739492717645
2026-04-15,ILI incidence,2026-04-26,3,GR,quantile,0.6,379.02037214961047
2026-04-15,ILI incidence,2026-05-03,4,GR,quantile,0.6,322.8613488242617
2026-04-15,ILI incidence,2026-04-12,1,GR,quantile,0.65,510.0314197445087
2026-04-15,ILI incidence,2026-04-19,2,GR,quantile,0.65,446.5124110172761
2026-04-15,ILI incidence,2026-04-26,3,GR,quantile,0.65,385.3421883373075
2026-04-15,ILI incidence,2026-05-03,4,GR,quantile,0.65,330.519072639043
2026-04-15,ILI incidence,2026-04-12,1,GR,quantile,0.7,515.40019656628
2026-04-15,ILI incidence,2026-04-19,2,GR,quantile,0.7,452.1775272867531
2026-04-15,ILI incidence,2026-04-26,3,GR,quantile,0.7,391.93161413615195
2026-04-15,ILI incidence,2026-05-03,4,GR,quantile,0.7,336.5205503800045
2026-04-15,ILI incidence,2026-04-12,1,GR,quantile,0.75,522.2875231370203
2026-04-15,ILI incidence,2026-04-19,2,GR,quantile,0.75,458.9401595754913
2026-04-15,ILI incidence,2026-04-26,3,GR,quantile,0.75,399.4772142632221
2026-04-15,ILI incidence,2026-05-03,4,GR,quantile,0.75,343.3816618048521
2026-04-15,ILI incidence,2026-04-12,1,GR,quantile,0.8,527.9734125221865
2026-04-15,ILI incidence,2026-04-19,2,GR,quantile,0.8,465.23829331792047
2026-04-15,ILI incidence,2026-04-26,3,GR,quantile,0.8,406.6732946973532
2026-04-15,ILI incidence,2026-05-03,4,GR,quantile,0.8,350.6331518046128
2026-04-15,ILI incidence,2026-04-12,1,GR,quantile,0.85,535.0587030161707
2026-04-15,ILI incidence,2026-04-19,2,GR,quantile,0.85,475.76684347518545
2026-04-15,ILI incidence,2026-04-26,3,GR,quantile,0.85,414.72316222689756
2026-04-15,ILI incidence,2026-05-03,4,GR,quantile,0.85,360.025718296934
2026-04-15,ILI incidence,2026-04-12,1,GR,quantile,0.9,546.0208774013954
2026-04-15,ILI incidence,2026-04-19,2,GR,quantile,0.9,487.3512546218889
2026-04-15,ILI incidence,2026-04-26,3,GR,quantile,0.9,429.42539086975734
2026-04-15,ILI incidence,2026-05-03,4,GR,quantile,0.9,373.69915382182495
2026-04-15,ILI incidence,2026-04-12,1,GR,quantile,0.95,559.988471147807
2026-04-15,ILI incidence,2026-04-19,2,GR,quantile,0.95,503.4944862812896
2026-04-15,ILI incidence,2026-04-26,3,GR,quantile,0.95,445.57239705237134
2026-04-15,ILI incidence,2026-05-03,4,GR,quantile,0.95,387.9124739257861
2026-04-15,ILI incidence,2026-04-12,1,GR,quantile,0.975,566.3783274783295
2026-04-15,ILI incidence,2026-04-19,2,GR,quantile,0.975,511.75891238433496
2026-04-15,ILI incidence,2026-04-26,3,GR,quantile,0.975,456.5849502440645
2026-04-15,ILI incidence,2026-05-03,4,GR,quantile,0.975,399.03180044364046
2026-04-15,ILI incidence,2026-04-12,1,GR,quantile,0.99,575.0035558882571
2026-04-15,ILI incidence,2026-04-19,2,GR,quantile,0.99,520.1749003007491
2026-04-15,ILI incidence,2026-04-26,3,GR,quantile,0.99,465.20396192752213
2026-04-15,ILI incidence,2026-05-03,4,GR,quantile,0.99,409.28593178870165
2026-04-15,ILI incidence,2026-04-12,1,GR,median,,492.5340775418253
2026-04-15,ILI incidence,2026-04-19,2,GR,median,,427.7831584388375
2026-04-15,ILI incidence,2026-04-26,3,GR,median,,365.7376552283672
2026-04-15,ILI incidence,2026-05-03,4,GR,median,,307.85325438381153
2026-04-15,ILI incidence,2026-04-12,1,HU,quantile,0.01,93.59093072292656
2026-04-15,ILI incidence,2026-04-19,2,HU,quantile,0.01,63.16505080725313
2026-04-15,ILI incidence,2026-04-26,3,HU,quantile,0.01,41.502312352455476
2026-04-15,ILI incidence,2026-05-03,4,HU,quantile,0.01,26.787555343778784
2026-04-15,ILI incidence,2026-04-12,1,HU,quantile,0.025,94.2947435949195
2026-04-15,ILI incidence,2026-04-19,2,HU,quantile,0.025,64.00589181628474
2026-04-15,ILI incidence,2026-04-26,3,HU,quantile,0.025,42.80737379271888
2026-04-15,ILI incidence,2026-05-03,4,HU,quantile,0.025,28.088187885831857
2026-04-15,ILI incidence,2026-04-12,1,HU,quantile,0.05,94.8050093154985
2026-04-15,ILI incidence,2026-04-19,2,HU,quantile,0.05,65.08496592796834
2026-04-15,ILI incidence,2026-04-26,3,HU,quantile,0.05,43.456561247382716
2026-04-15,ILI incidence,2026-05-03,4,HU,quantile,0.05,28.58218116130001
2026-04-15,ILI incidence,2026-04-12,1,HU,quantile,0.1,95.72054704199252
2026-04-15,ILI incidence,2026-04-19,2,HU,quantile,0.1,66.06963278806211
2026-04-15,ILI incidence,2026-04-26,3,HU,quantile,0.1,44.674294661165305
2026-04-15,ILI incidence,2026-05-03,4,HU,quantile,0.1,29.766269692752797
2026-04-15,ILI incidence,2026-04-12,1,HU,quantile,0.15,96.599192233901
2026-04-15,ILI incidence,2026-04-19,2,HU,quantile,0.15,67.0705051276604
2026-04-15,ILI incidence,2026-04-26,3,HU,quantile,0.15,45.549909753286
2026-04-15,ILI incidence,2026-05-03,4,HU,quantile,0.15,30.652135756511683
2026-04-15,ILI incidence,2026-04-12,1,HU,quantile,0.2,97.14680887492649
2026-04-15,ILI incidence,2026-04-19,2,HU,quantile,0.2,67.78741429048809
2026-04-15,ILI incidence,2026-04-26,3,HU,quantile,0.2,46.52487473104729
2026-04-15,ILI incidence,2026-05-03,4,HU,quantile,0.2,31.393763506098498
2026-04-15,ILI incidence,2026-04-12,1,HU,quantile,0.25,97.79960316318032
2026-04-15,ILI incidence,2026-04-19,2,HU,quantile,0.25,68.50733814625168
2026-04-15,ILI incidence,2026-04-26,3,HU,quantile,0.25,47.50053657332259
2026-04-15,ILI incidence,2026-05-03,4,HU,quantile,0.25,32.19142992363689
2026-04-15,ILI incidence,2026-04-12,1,HU,quantile,0.3,98.38331858681815
2026-04-15,ILI incidence,2026-04-19,2,HU,quantile,0.3,69.39645831755895
2026-04-15,ILI incidence,2026-04-26,3,HU,quantile,0.3,48.23040923365394
2026-04-15,ILI incidence,2026-05-03,4,HU,quantile,0.3,32.874260280871674
2026-04-15,ILI incidence,2026-04-12,1,HU,quantile,0.35,98.95120281230025
2026-04-15,ILI incidence,2026-04-19,2,HU,quantile,0.35,70.28431886512736
2026-04-15,ILI incidence,2026-04-26,3,HU,quantile,0.35,48.966181540517596
2026-04-15,ILI incidence,2026-05-03,4,HU,quantile,0.35,33.77675390602596
2026-04-15,ILI incidence,2026-04-12,1,HU,quantile,0.4,99.46466879608944
2026-04-15,ILI incidence,2026-04-19,2,HU,quantile,0.4,71.01901482650882
2026-04-15,ILI incidence,2026-04-26,3,HU,quantile,0.4,49.73252727479512
2026-04-15,ILI incidence,2026-05-03,4,HU,quantile,0.4,34.43393680485497
2026-04-15,ILI incidence,2026-04-12,1,HU,quantile,0.45,100.1547798118793
2026-04-15,ILI incidence,2026-04-19,2,HU,quantile,0.45,71.6671122219919
2026-04-15,ILI incidence,2026-04-26,3,HU,quantile,0.45,50.49938968931053
2026-04-15,ILI incidence,2026-05-03,4,HU,quantile,0.45,35.21639024168192
2026-04-15,ILI incidence,2026-04-12,1,HU,quantile,0.5,100.842387741587
2026-04-15,ILI incidence,2026-04-19,2,HU,quantile,0.5,72.41913702585907
2026-04-15,ILI incidence,2026-04-26,3,HU,quantile,0.5,51.400228621040924
2026-04-15,ILI incidence,2026-05-03,4,HU,quantile,0.5,35.92561185072613
2026-04-15,ILI incidence,2026-04-12,1,HU,quantile,0.55,101.46596652572734
2026-04-15,ILI incidence,2026-04-19,2,HU,quantile,0.55,73.16395533712412
2026-04-15,ILI incidence,2026-04-26,3,HU,quantile,0.55,51.98435033710602
2026-04-15,ILI incidence,2026-05-03,4,HU,quantile,0.55,36.68265194624662
2026-04-15,ILI incidence,2026-04-12,1,HU,quantile,0.6,102.06239339315887
2026-04-15,ILI incidence,2026-04-19,2,HU,quantile,0.6,73.85705238617857
2026-04-15,ILI incidence,2026-04-26,3,HU,quantile,0.6,52.696919007269955
2026-04-15,ILI incidence,2026-05-03,4,HU,quantile,0.6,37.2463307682854
2026-04-15,ILI incidence,2026-04-12,1,HU,quantile,0.65,102.68434063762065
2026-04-15,ILI incidence,2026-04-19,2,HU,quantile,0.65,74.52517137403214
2026-04-15,ILI incidence,2026-04-26,3,HU,quantile,0.65,53.61549183282286
2026-04-15,ILI incidence,2026-05-03,4,HU,quantile,0.65,38.06648970022785
2026-04-15,ILI incidence,2026-04-12,1,HU,quantile,0.7,103.50871896736172
2026-04-15,ILI incidence,2026-04-19,2,HU,quantile,0.7,75.33187614391969
2026-04-15,ILI incidence,2026-04-26,3,HU,quantile,0.7,54.32303383534925
2026-04-15,ILI incidence,2026-05-03,4,HU,quantile,0.7,38.87714748528365
2026-04-15,ILI incidence,2026-04-12,1,HU,quantile,0.75,104.2715579301378
2026-04-15,ILI incidence,2026-04-19,2,HU,quantile,0.75,76.24847162214938
2026-04-15,ILI incidence,2026-04-26,3,HU,quantile,0.75,55.16599588483538
2026-04-15,ILI incidence,2026-05-03,4,HU,quantile,0.75,39.62890991552653
2026-04-15,ILI incidence,2026-04-12,1,HU,quantile,0.8,105.13984392487454
2026-04-15,ILI incidence,2026-04-19,2,HU,quantile,0.8,76.96563988893297
2026-04-15,ILI incidence,2026-04-26,3,HU,quantile,0.8,56.06449653219821
2026-04-15,ILI incidence,2026-05-03,4,HU,quantile,0.8,40.51680937917815
2026-04-15,ILI incidence,2026-04-12,1,HU,quantile,0.85,106.24284876239462
2026-04-15,ILI incidence,2026-04-19,2,HU,quantile,0.85,78.27819554731383
2026-04-15,ILI incidence,2026-04-26,3,HU,quantile,0.85,57.33000999032495
2026-04-15,ILI incidence,2026-05-03,4,HU,quantile,0.85,41.644978683643075
2026-04-15,ILI incidence,2026-04-12,1,HU,quantile,0.9,107.74645870567343
2026-04-15,ILI incidence,2026-04-19,2,HU,quantile,0.9,79.73874346888151
2026-04-15,ILI incidence,2026-04-26,3,HU,quantile,0.9,58.59970344957061
2026-04-15,ILI incidence,2026-05-03,4,HU,quantile,0.9,42.79918289793915
2026-04-15,ILI incidence,2026-04-12,1,HU,quantile,0.95,109.72570297091617
2026-04-15,ILI incidence,2026-04-19,2,HU,quantile,0.95,81.73600016949857
2026-04-15,ILI incidence,2026-04-26,3,HU,quantile,0.95,60.43638615997848
2026-04-15,ILI incidence,2026-05-03,4,HU,quantile,0.95,44.41093488549717
2026-04-15,ILI incidence,2026-04-12,1,HU,quantile,0.975,111.51688286431093
2026-04-15,ILI incidence,2026-04-19,2,HU,quantile,0.975,83.93153491798566
2026-04-15,ILI incidence,2026-04-26,3,HU,quantile,0.975,62.70165402506658
2026-04-15,ILI incidence,2026-05-03,4,HU,quantile,0.975,46.24299408022667
2026-04-15,ILI incidence,2026-04-12,1,HU,quantile,0.99,114.13319864816243
2026-04-15,ILI incidence,2026-04-19,2,HU,quantile,0.99,85.68298476668646
2026-04-15,ILI incidence,2026-04-26,3,HU,quantile,0.99,64.19747901824563
2026-04-15,ILI incidence,2026-05-03,4,HU,quantile,0.99,47.93098964633199
2026-04-15,ILI incidence,2026-04-12,1,HU,median,,100.842387741587
2026-04-15,ILI incidence,2026-04-19,2,HU,median,,72.41913702585907
2026-04-15,ILI incidence,2026-04-26,3,HU,median,,51.400228621040924
2026-04-15,ILI incidence,2026-05-03,4,HU,median,,35.92561185072613
2026-04-15,ILI incidence,2026-04-12,1,IE,quantile,0.01,1.9240903443575954
2026-04-15,ILI incidence,2026-04-19,2,IE,quantile,0.01,1.441324102280562
2026-04-15,ILI incidence,2026-04-26,3,IE,quantile,0.01,1.086906715076804
2026-04-15,ILI incidence,2026-05-03,4,IE,quantile,0.01,0.8149477666677253
2026-04-15,ILI incidence,2026-04-12,1,IE,quantile,0.025,1.9585023038043845
2026-04-15,ILI incidence,2026-04-19,2,IE,quantile,0.025,1.4834958175573347
2026-04-15,ILI incidence,2026-04-26,3,IE,quantile,0.025,1.1280699097352893
2026-04-15,ILI incidence,2026-05-03,4,IE,quantile,0.025,0.8474394228796599
2026-04-15,ILI incidence,2026-04-12,1,IE,quantile,0.05,1.9959526449557858
2026-04-15,ILI incidence,2026-04-19,2,IE,quantile,0.05,1.5285697776757086
2026-04-15,ILI incidence,2026-04-26,3,IE,quantile,0.05,1.157239297807072
2026-04-15,ILI incidence,2026-05-03,4,IE,quantile,0.05,0.8742782501637093
2026-04-15,ILI incidence,2026-04-12,1,IE,quantile,0.1,2.0710178352155806
2026-04-15,ILI incidence,2026-04-19,2,IE,quantile,0.1,1.5852858088432977
2026-04-15,ILI incidence,2026-04-26,3,IE,quantile,0.1,1.202123684844256
2026-04-15,ILI incidence,2026-05-03,4,IE,quantile,0.1,0.9078252761367304
2026-04-15,ILI incidence,2026-04-12,1,IE,quantile,0.15,2.1065666947449992
2026-04-15,ILI incidence,2026-04-19,2,IE,quantile,0.15,1.6160859418206008
2026-04-15,ILI incidence,2026-04-26,3,IE,quantile,0.15,1.2326527360743051
2026-04-15,ILI incidence,2026-05-03,4,IE,quantile,0.15,0.9343183030999686
2026-04-15,ILI incidence,2026-04-12,1,IE,quantile,0.2,2.1423905130805654
2026-04-15,ILI incidence,2026-04-19,2,IE,quantile,0.2,1.6462884401405804
2026-04-15,ILI incidence,2026-04-26,3,IE,quantile,0.2,1.2551179348219734
2026-04-15,ILI incidence,2026-05-03,4,IE,quantile,0.2,0.9576020980191922
2026-04-15,ILI incidence,2026-04-12,1,IE,quantile,0.25,2.1799941344515723
2026-04-15,ILI incidence,2026-04-19,2,IE,quantile,0.25,1.6801038469843348
2026-04-15,ILI incidence,2026-04-26,3,IE,quantile,0.25,1.2797079385300925
2026-04-15,ILI incidence,2026-05-03,4,IE,quantile,0.25,0.9729469444645754
2026-04-15,ILI incidence,2026-04-12,1,IE,quantile,0.3,2.22773962687684
2026-04-15,ILI incidence,2026-04-19,2,IE,quantile,0.3,1.7078880006465276
2026-04-15,ILI incidence,2026-04-26,3,IE,quantile,0.3,1.3054406554677263
2026-04-15,ILI incidence,2026-05-03,4,IE,quantile,0.3,0.9895933529021919
2026-04-15,ILI incidence,2026-04-12,1,IE,quantile,0.35,2.257066808640276
2026-04-15,ILI incidence,2026-04-19,2,IE,quantile,0.35,1.7349874099907736
2026-04-15,ILI incidence,2026-04-26,3,IE,quantile,0.35,1.3240142739622287
2026-04-15,ILI incidence,2026-05-03,4,IE,quantile,0.35,1.0070436165092471
2026-04-15,ILI incidence,2026-04-12,1,IE,quantile,0.4,2.2891303522527666
2026-04-15,ILI incidence,2026-04-19,2,IE,quantile,0.4,1.7600466339089793
2026-04-15,ILI incidence,2026-04-26,3,IE,quantile,0.4,1.3456880711313737
2026-04-15,ILI incidence,2026-05-03,4,IE,quantile,0.4,1.0291081962305415
2026-04-15,ILI incidence,2026-04-12,1,IE,quantile,0.45,2.3144164430756837
2026-04-15,ILI incidence,2026-04-19,2,IE,quantile,0.45,1.7788121726679775
2026-04-15,ILI incidence,2026-04-26,3,IE,quantile,0.45,1.3708417621428908
2026-04-15,ILI incidence,2026-05-03,4,IE,quantile,0.45,1.045056243825963
2026-04-15,ILI incidence,2026-04-12,1,IE,quantile,0.5,2.3468990395540557
2026-04-15,ILI incidence,2026-04-19,2,IE,quantile,0.5,1.8051379809335413
2026-04-15,ILI incidence,2026-04-26,3,IE,quantile,0.5,1.3870571987872535
2026-04-15,ILI incidence,2026-05-03,4,IE,quantile,0.5,1.0598088005880464
2026-04-15,ILI incidence,2026-04-12,1,IE,quantile,0.55,2.3779941682393715
2026-04-15,ILI incidence,2026-04-19,2,IE,quantile,0.55,1.8304792568995751
2026-04-15,ILI incidence,2026-04-26,3,IE,quantile,0.55,1.4066843249993712
2026-04-15,ILI incidence,2026-05-03,4,IE,quantile,0.55,1.0745565585785535
2026-04-15,ILI incidence,2026-04-12,1,IE,quantile,0.6,2.4056941144267605
2026-04-15,ILI incidence,2026-04-19,2,IE,quantile,0.6,1.8581965136788907
2026-04-15,ILI incidence,2026-04-26,3,IE,quantile,0.6,1.4282206533492088
2026-04-15,ILI incidence,2026-05-03,4,IE,quantile,0.6,1.0916781802914417
2026-04-15,ILI incidence,2026-04-12,1,IE,quantile,0.65,2.437196244956584
2026-04-15,ILI incidence,2026-04-19,2,IE,quantile,0.65,1.8800773000863982
2026-04-15,ILI incidence,2026-04-26,3,IE,quantile,0.65,1.4474792451781802
2026-04-15,ILI incidence,2026-05-03,4,IE,quantile,0.65,1.111417434840592
2026-04-15,ILI incidence,2026-04-12,1,IE,quantile,0.7,2.4660410395367043
2026-04-15,ILI incidence,2026-04-19,2,IE,quantile,0.7,1.905490544666836
2026-04-15,ILI incidence,2026-04-26,3,IE,quantile,0.7,1.466749219744609
2026-04-15,ILI incidence,2026-05-03,4,IE,quantile,0.7,1.1264892454758866
2026-04-15,ILI incidence,2026-04-12,1,IE,quantile,0.75,2.5016591479269366
2026-04-15,ILI incidence,2026-04-19,2,IE,quantile,0.75,1.9384426776082233
2026-04-15,ILI incidence,2026-04-26,3,IE,quantile,0.75,1.4924464702283324
2026-04-15,ILI incidence,2026-05-03,4,IE,quantile,0.75,1.1520099720771897
2026-04-15,ILI incidence,2026-04-12,1,IE,quantile,0.8,2.5323634068534986
2026-04-15,ILI incidence,2026-04-19,2,IE,quantile,0.8,1.9709288165051582
2026-04-15,ILI incidence,2026-04-26,3,IE,quantile,0.8,1.528463108988749
2026-04-15,ILI incidence,2026-05-03,4,IE,quantile,0.8,1.1801215979346784
2026-04-15,ILI incidence,2026-04-12,1,IE,quantile,0.85,2.580564019250363
2026-04-15,ILI incidence,2026-04-19,2,IE,quantile,0.85,2.01216964990976
2026-04-15,ILI incidence,2026-04-26,3,IE,quantile,0.85,1.5666305011193047
2026-04-15,ILI incidence,2026-05-03,4,IE,quantile,0.85,1.2108291011537171
2026-04-15,ILI incidence,2026-04-12,1,IE,quantile,0.9,2.6549184296008206
2026-04-15,ILI incidence,2026-04-19,2,IE,quantile,0.9,2.0794960263777087
2026-04-15,ILI incidence,2026-04-26,3,IE,quantile,0.9,1.6104050074859884
2026-04-15,ILI incidence,2026-05-03,4,IE,quantile,0.9,1.2516451077045754
2026-04-15,ILI incidence,2026-04-12,1,IE,quantile,0.95,2.7882885649614058
2026-04-15,ILI incidence,2026-04-19,2,IE,quantile,0.95,2.1955003034283997
2026-04-15,ILI incidence,2026-04-26,3,IE,quantile,0.95,1.715083661102129
2026-04-15,ILI incidence,2026-05-03,4,IE,quantile,0.95,1.3499825421533216
2026-04-15,ILI incidence,2026-04-12,1,IE,quantile,0.975,2.8850453644753395
2026-04-15,ILI incidence,2026-04-19,2,IE,quantile,0.975,2.2979077360078635
2026-04-15,ILI incidence,2026-04-26,3,IE,quantile,0.975,1.8338152076287213
2026-04-15,ILI incidence,2026-05-03,4,IE,quantile,0.975,1.4310624239680938
2026-04-15,ILI incidence,2026-04-12,1,IE,quantile,0.99,3.0110491489935933
2026-04-15,ILI incidence,2026-04-19,2,IE,quantile,0.99,2.398448192112825
2026-04-15,ILI incidence,2026-04-26,3,IE,quantile,0.99,1.904193611199811
2026-04-15,ILI incidence,2026-05-03,4,IE,quantile,0.99,1.5197598401230787
2026-04-15,ILI incidence,2026-04-12,1,IE,median,,2.3468990395540557
2026-04-15,ILI incidence,2026-04-19,2,IE,median,,1.8051379809335413
2026-04-15,ILI incidence,2026-04-26,3,IE,median,,1.3870571987872535
2026-04-15,ILI incidence,2026-05-03,4,IE,median,,1.0598088005880464
2026-04-15,ILI incidence,2026-04-12,1,LT,quantile,0.01,4.078787973039156
2026-04-15,ILI incidence,2026-04-19,2,LT,quantile,0.01,2.179662477597737
2026-04-15,ILI incidence,2026-04-26,3,LT,quantile,0.01,1.080925204161239
2026-04-15,ILI incidence,2026-05-03,4,LT,quantile,0.01,0.5321988983539258
2026-04-15,ILI incidence,2026-04-12,1,LT,quantile,0.025,4.1963757624893585
2026-04-15,ILI incidence,2026-04-19,2,LT,quantile,0.025,2.2360244969507983
2026-04-15,ILI incidence,2026-04-26,3,LT,quantile,0.025,1.1258645887576182
2026-04-15,ILI incidence,2026-05-03,4,LT,quantile,0.025,0.5629958733992552
2026-04-15,ILI incidence,2026-04-12,1,LT,quantile,0.05,4.308903357642448
2026-04-15,ILI incidence,2026-04-19,2,LT,quantile,0.05,2.2989570614081605
2026-04-15,ILI incidence,2026-04-26,3,LT,quantile,0.05,1.1889345080385354
2026-04-15,ILI incidence,2026-05-03,4,LT,quantile,0.05,0.5954229113492597
2026-04-15,ILI incidence,2026-04-12,1,LT,quantile,0.1,4.400072608786709
2026-04-15,ILI incidence,2026-04-19,2,LT,quantile,0.1,2.381237523957167
2026-04-15,ILI incidence,2026-04-26,3,LT,quantile,0.1,1.2501810590191476
2026-04-15,ILI incidence,2026-05-03,4,LT,quantile,0.1,0.6429554504453399
2026-04-15,ILI incidence,2026-04-12,1,LT,quantile,0.15,4.482590688251837
2026-04-15,ILI incidence,2026-04-19,2,LT,quantile,0.15,2.446150349099376
2026-04-15,ILI incidence,2026-04-26,3,LT,quantile,0.15,1.2935409419457216
2026-04-15,ILI incidence,2026-05-03,4,LT,quantile,0.15,0.6703566448911943
2026-04-15,ILI incidence,2026-04-12,1,LT,quantile,0.2,4.523268905203959
2026-04-15,ILI incidence,2026-04-19,2,LT,quantile,0.2,2.483733705580877
2026-04-15,ILI incidence,2026-04-26,3,LT,quantile,0.2,1.3287185563947594
2026-04-15,ILI incidence,2026-05-03,4,LT,quantile,0.2,0.6921427534737622
2026-04-15,ILI incidence,2026-04-12,1,LT,quantile,0.25,4.5611306668839315
2026-04-15,ILI incidence,2026-04-19,2,LT,quantile,0.25,2.5245883190381524
2026-04-15,ILI incidence,2026-04-26,3,LT,quantile,0.25,1.3602059431718927
2026-04-15,ILI incidence,2026-05-03,4,LT,quantile,0.25,0.7110350050327985
2026-04-15,ILI incidence,2026-04-12,1,LT,quantile,0.3,4.601586017615204
2026-04-15,ILI incidence,2026-04-19,2,LT,quantile,0.3,2.560476422868252
2026-04-15,ILI incidence,2026-04-26,3,LT,quantile,0.3,1.388451097837214
2026-04-15,ILI incidence,2026-05-03,4,LT,quantile,0.3,0.7304700888236464
2026-04-15,ILI incidence,2026-04-12,1,LT,quantile,0.35,4.63936885653668
2026-04-15,ILI incidence,2026-04-19,2,LT,quantile,0.35,2.592807508559549
2026-04-15,ILI incidence,2026-04-26,3,LT,quantile,0.35,1.4157005140486072
2026-04-15,ILI incidence,2026-05-03,4,LT,quantile,0.35,0.7493961220946186
2026-04-15,ILI incidence,2026-04-12,1,LT,quantile,0.4,4.673885307634413
2026-04-15,ILI incidence,2026-04-19,2,LT,quantile,0.4,2.622176772679958
2026-04-15,ILI incidence,2026-04-26,3,LT,quantile,0.4,1.4383195092904026
2026-04-15,ILI incidence,2026-05-03,4,LT,quantile,0.4,0.7675116536807484
2026-04-15,ILI incidence,2026-04-12,1,LT,quantile,0.45,4.709020813626341
2026-04-15,ILI incidence,2026-04-19,2,LT,quantile,0.45,2.651884469823726
2026-04-15,ILI incidence,2026-04-26,3,LT,quantile,0.45,1.4595046204179603
2026-04-15,ILI incidence,2026-05-03,4,LT,quantile,0.45,0.7863240595404077
2026-04-15,ILI incidence,2026-04-12,1,LT,quantile,0.5,4.754897750151337
2026-04-15,ILI incidence,2026-04-19,2,LT,quantile,0.5,2.6879569287817904
2026-04-15,ILI incidence,2026-04-26,3,LT,quantile,0.5,1.487620532137139
2026-04-15,ILI incidence,2026-05-03,4,LT,quantile,0.5,0.8038817478971552
2026-04-15,ILI incidence,2026-04-12,1,LT,quantile,0.55,4.795879418390568
2026-04-15,ILI incidence,2026-04-19,2,LT,quantile,0.55,2.7238077545813835
2026-04-15,ILI incidence,2026-04-26,3,LT,quantile,0.55,1.5088596820039415
2026-04-15,ILI incidence,2026-05-03,4,LT,quantile,0.55,0.8202914585395447
2026-04-15,ILI incidence,2026-04-12,1,LT,quantile,0.6,4.82957357337539
2026-04-15,ILI incidence,2026-04-19,2,LT,quantile,0.6,2.7490804689854738
2026-04-15,ILI incidence,2026-04-26,3,LT,quantile,0.6,1.532575471402891
2026-04-15,ILI incidence,2026-05-03,4,LT,quantile,0.6,0.836728939865077
2026-04-15,ILI incidence,2026-04-12,1,LT,quantile,0.65,4.873250174514218
2026-04-15,ILI incidence,2026-04-19,2,LT,quantile,0.65,2.779145121201382
2026-04-15,ILI incidence,2026-04-26,3,LT,quantile,0.65,1.5629447634565983
2026-04-15,ILI incidence,2026-05-03,4,LT,quantile,0.65,0.8558996993255626
2026-04-15,ILI incidence,2026-04-12,1,LT,quantile,0.7,4.915452818291873
2026-04-15,ILI incidence,2026-04-19,2,LT,quantile,0.7,2.815614307538007
2026-04-15,ILI incidence,2026-04-26,3,LT,quantile,0.7,1.5887809013490044
2026-04-15,ILI incidence,2026-05-03,4,LT,quantile,0.7,0.877744593076765
2026-04-15,ILI incidence,2026-04-12,1,LT,quantile,0.75,4.9586252658078696
2026-04-15,ILI incidence,2026-04-19,2,LT,quantile,0.75,2.8574006622257047
2026-04-15,ILI incidence,2026-04-26,3,LT,quantile,0.75,1.6204328195631252
2026-04-15,ILI incidence,2026-05-03,4,LT,quantile,0.75,0.9012513900119229
2026-04-15,ILI incidence,2026-04-12,1,LT,quantile,0.8,5.013857628895092
2026-04-15,ILI incidence,2026-04-19,2,LT,quantile,0.8,2.9101468432522757
2026-04-15,ILI incidence,2026-04-26,3,LT,quantile,0.8,1.6583267441522098
2026-04-15,ILI incidence,2026-05-03,4,LT,quantile,0.8,0.9304367277318994
2026-04-15,ILI incidence,2026-04-12,1,LT,quantile,0.85,5.065447798123452
2026-04-15,ILI incidence,2026-04-19,2,LT,quantile,0.85,2.962178255663253
2026-04-15,ILI incidence,2026-04-26,3,LT,quantile,0.85,1.7029913350695725
2026-04-15,ILI incidence,2026-05-03,4,LT,quantile,0.85,0.9753255311162792
2026-04-15,ILI incidence,2026-04-12,1,LT,quantile,0.9,5.137149698223248
2026-04-15,ILI incidence,2026-04-19,2,LT,quantile,0.9,3.0336794683195083
2026-04-15,ILI incidence,2026-04-26,3,LT,quantile,0.9,1.7988647582331723
2026-04-15,ILI incidence,2026-05-03,4,LT,quantile,0.9,1.0243949362132458
2026-04-15,ILI incidence,2026-04-12,1,LT,quantile,0.95,5.303928445791792
2026-04-15,ILI incidence,2026-04-19,2,LT,quantile,0.95,3.2014215611783237
2026-04-15,ILI incidence,2026-04-26,3,LT,quantile,0.95,1.8962071945377266
2026-04-15,ILI incidence,2026-05-03,4,LT,quantile,0.95,1.1279646721008225
2026-04-15,ILI incidence,2026-04-12,1,LT,quantile,0.975,5.426532810132348
2026-04-15,ILI incidence,2026-04-19,2,LT,quantile,0.975,3.302217677265396
2026-04-15,ILI incidence,2026-04-26,3,LT,quantile,0.975,2.021801306593168
2026-04-15,ILI incidence,2026-05-03,4,LT,quantile,0.975,1.1967686454930644
2026-04-15,ILI incidence,2026-04-12,1,LT,quantile,0.99,5.576461922706481
2026-04-15,ILI incidence,2026-04-19,2,LT,quantile,0.99,3.4557582514901233
2026-04-15,ILI incidence,2026-04-26,3,LT,quantile,0.99,2.1450079965659183
2026-04-15,ILI incidence,2026-05-03,4,LT,quantile,0.99,1.3154932168088602
2026-04-15,ILI incidence,2026-04-12,1,LT,median,,4.754897750151337
2026-04-15,ILI incidence,2026-04-19,2,LT,median,,2.6879569287817904
2026-04-15,ILI incidence,2026-04-26,3,LT,median,,1.487620532137139
2026-04-15,ILI incidence,2026-05-03,4,LT,median,,0.8038817478971552
2026-04-15,ILI incidence,2026-04-12,1,LU,quantile,0.01,0.0
2026-04-15,ILI incidence,2026-04-19,2,LU,quantile,0.01,0.0
2026-04-15,ILI incidence,2026-04-26,3,LU,quantile,0.01,0.0
2026-04-15,ILI incidence,2026-05-03,4,LU,quantile,0.01,0.0
2026-04-15,ILI incidence,2026-04-12,1,LU,quantile,0.025,0.0
2026-04-15,ILI incidence,2026-04-19,2,LU,quantile,0.025,0.0
2026-04-15,ILI incidence,2026-04-26,3,LU,quantile,0.025,0.0
2026-04-15,ILI incidence,2026-05-03,4,LU,quantile,0.025,0.0
2026-04-15,ILI incidence,2026-04-12,1,LU,quantile,0.05,0.0
2026-04-15,ILI incidence,2026-04-19,2,LU,quantile,0.05,0.0
2026-04-15,ILI incidence,2026-04-26,3,LU,quantile,0.05,0.0
2026-04-15,ILI incidence,2026-05-03,4,LU,quantile,0.05,0.0
2026-04-15,ILI incidence,2026-04-12,1,LU,quantile,0.1,0.13459620643851772
2026-04-15,ILI incidence,2026-04-19,2,LU,quantile,0.1,0.0
2026-04-15,ILI incidence,2026-04-26,3,LU,quantile,0.1,0.0
2026-04-15,ILI incidence,2026-05-03,4,LU,quantile,0.1,0.0
2026-04-15,ILI incidence,2026-04-12,1,LU,quantile,0.15,0.47025468712051327
2026-04-15,ILI incidence,2026-04-19,2,LU,quantile,0.15,0.11970515999606247
2026-04-15,ILI incidence,2026-04-26,3,LU,quantile,0.15,0.0
2026-04-15,ILI incidence,2026-05-03,4,LU,quantile,0.15,0.0
2026-04-15,ILI incidence,2026-04-12,1,LU,quantile,0.2,1.059177358953406
2026-04-15,ILI incidence,2026-04-19,2,LU,quantile,0.2,0.3855476462532603
2026-04-15,ILI incidence,2026-04-26,3,LU,quantile,0.2,0.04707829856520759
2026-04-15,ILI incidence,2026-05-03,4,LU,quantile,0.2,0.0
2026-04-15,ILI incidence,2026-04-12,1,LU,quantile,0.25,1.7128935286514102
2026-04-15,ILI incidence,2026-04-19,2,LU,quantile,0.25,0.8008489389121012
2026-04-15,ILI incidence,2026-04-26,3,LU,quantile,0.25,0.25824504438785945
2026-04-15,ILI incidence,2026-05-03,4,LU,quantile,0.25,0.0
2026-04-15,ILI incidence,2026-04-12,1,LU,quantile,0.3,2.6473174874199943
2026-04-15,ILI incidence,2026-04-19,2,LU,quantile,0.3,1.3121343401317982
2026-04-15,ILI incidence,2026-04-26,3,LU,quantile,0.3,0.6159007266085796
2026-04-15,ILI incidence,2026-05-03,4,LU,quantile,0.3,0.17686281056160263
2026-04-15,ILI incidence,2026-04-12,1,LU,quantile,0.35,3.751576966966786
2026-04-15,ILI incidence,2026-04-19,2,LU,quantile,0.35,2.066171648216772
2026-04-15,ILI incidence,2026-04-26,3,LU,quantile,0.35,1.0392546768428303
2026-04-15,ILI incidence,2026-05-03,4,LU,quantile,0.35,0.40671554422746997
2026-04-15,ILI incidence,2026-04-12,1,LU,quantile,0.4,5.300918424180002
2026-04-15,ILI incidence,2026-04-19,2,LU,quantile,0.4,3.0307638313258756
2026-04-15,ILI incidence,2026-04-26,3,LU,quantile,0.4,1.6129165566920092
2026-04-15,ILI incidence,2026-05-03,4,LU,quantile,0.4,0.7167581482304836
2026-04-15,ILI incidence,2026-04-12,1,LU,quantile,0.45,7.829676659912866
2026-04-15,ILI incidence,2026-04-19,2,LU,quantile,0.45,4.517157237280895
2026-04-15,ILI incidence,2026-04-26,3,LU,quantile,0.45,2.3907247233792672
2026-04-15,ILI incidence,2026-05-03,4,LU,quantile,0.45,1.177122918804997
2026-04-15,ILI incidence,2026-04-12,1,LU,quantile,0.5,11.863369827622016
2026-04-15,ILI incidence,2026-04-19,2,LU,quantile,0.5,6.3993973423025565
2026-04-15,ILI incidence,2026-04-26,3,LU,quantile,0.5,3.790085560009546
2026-04-15,ILI incidence,2026-05-03,4,LU,quantile,0.5,2.011436314241628
2026-04-15,ILI incidence,2026-04-12,1,LU,quantile,0.55,17.699312861419575
2026-04-15,ILI incidence,2026-04-19,2,LU,quantile,0.55,9.662870680585407
2026-04-15,ILI incidence,2026-04-26,3,LU,quantile,0.55,5.4224605100029715
2026-04-15,ILI incidence,2026-05-03,4,LU,quantile,0.55,3.2214518090277617
2026-04-15,ILI incidence,2026-04-12,1,LU,quantile,0.6,26.532178993211
2026-04-15,ILI incidence,2026-04-19,2,LU,quantile,0.6,15.095216826710507
2026-04-15,ILI incidence,2026-04-26,3,LU,quantile,0.6,8.578915594993141
2026-04-15,ILI incidence,2026-05-03,4,LU,quantile,0.6,4.983710110856998
2026-04-15,ILI incidence,2026-04-12,1,LU,quantile,0.65,45.661285612182176
2026-04-15,ILI incidence,2026-04-19,2,LU,quantile,0.65,27.313796386176676
2026-04-15,ILI incidence,2026-04-26,3,LU,quantile,0.65,15.219627113186899
2026-04-15,ILI incidence,2026-05-03,4,LU,quantile,0.65,8.088493419704067
2026-04-15,ILI incidence,2026-04-12,1,LU,quantile,0.7,71.62237840652053
2026-04-15,ILI incidence,2026-04-19,2,LU,quantile,0.7,42.378753595886494
2026-04-15,ILI incidence,2026-04-26,3,LU,quantile,0.7,24.528655844562568
2026-04-15,ILI incidence,2026-05-03,4,LU,quantile,0.7,13.695413838396558
2026-04-15,ILI incidence,2026-04-12,1,LU,quantile,0.75,103.14166125041488
2026-04-15,ILI incidence,2026-04-19,2,LU,quantile,0.75,61.583785492229694
2026-04-15,ILI incidence,2026-04-26,3,LU,quantile,0.75,38.98874614281474
2026-04-15,ILI incidence,2026-05-03,4,LU,quantile,0.75,23.273823497566294
2026-04-15,ILI incidence,2026-04-12,1,LU,quantile,0.8,168.29775628963836
2026-04-15,ILI incidence,2026-04-19,2,LU,quantile,0.8,101.8057315179546
2026-04-15,ILI incidence,2026-04-26,3,LU,quantile,0.8,63.89074839521775
2026-04-15,ILI incidence,2026-05-03,4,LU,quantile,0.8,39.24464576869671
2026-04-15,ILI incidence,2026-04-12,1,LU,quantile,0.85,262.30945029165355
2026-04-15,ILI incidence,2026-04-19,2,LU,quantile,0.85,169.5010455641897
2026-04-15,ILI incidence,2026-04-26,3,LU,quantile,0.85,104.44490109182817
2026-04-15,ILI incidence,2026-05-03,4,LU,quantile,0.85,65.9506196961763
2026-04-15,ILI incidence,2026-04-12,1,LU,quantile,0.9,479.6563027167447
2026-04-15,ILI incidence,2026-04-19,2,LU,quantile,0.9,330.5742594238258
2026-04-15,ILI incidence,2026-04-26,3,LU,quantile,0.9,217.01620203797725
2026-04-15,ILI incidence,2026-05-03,4,LU,quantile,0.9,151.54762351143063
2026-04-15,ILI incidence,2026-04-12,1,LU,quantile,0.95,1196.4847050327344
2026-04-15,ILI incidence,2026-04-19,2,LU,quantile,0.95,857.5532568811429
2026-04-15,ILI incidence,2026-04-26,3,LU,quantile,0.95,630.5520668981103
2026-04-15,ILI incidence,2026-05-03,4,LU,quantile,0.95,472.7262213698187
2026-04-15,ILI incidence,2026-04-12,1,LU,quantile,0.975,2534.3529076826767
2026-04-15,ILI incidence,2026-04-19,2,LU,quantile,0.975,2056.297579313701
2026-04-15,ILI incidence,2026-04-26,3,LU,quantile,0.975,1452.8694808206294
2026-04-15,ILI incidence,2026-05-03,4,LU,quantile,0.975,1193.033778142195
2026-04-15,ILI incidence,2026-04-12,1,LU,quantile,0.99,3777.778722560842
2026-04-15,ILI incidence,2026-04-19,2,LU,quantile,0.99,3323.632399779841
2026-04-15,ILI incidence,2026-04-26,3,LU,quantile,0.99,2926.1221062986015
2026-04-15,ILI incidence,2026-05-03,4,LU,quantile,0.99,2453.6888077573053
2026-04-15,ILI incidence,2026-04-12,1,LU,median,,11.863369827622016
2026-04-15,ILI incidence,2026-04-19,2,LU,median,,6.3993973423025565
2026-04-15,ILI incidence,2026-04-26,3,LU,median,,3.790085560009546
2026-04-15,ILI incidence,2026-05-03,4,LU,median,,2.011436314241628
2026-04-15,ILI incidence,2026-04-12,1,PL,quantile,0.01,211.671097428233
2026-04-15,ILI incidence,2026-04-19,2,PL,quantile,0.01,178.71865775933
2026-04-15,ILI incidence,2026-04-26,3,PL,quantile,0.01,148.1795204620928
2026-04-15,ILI incidence,2026-05-03,4,PL,quantile,0.01,121.74107987406781
2026-04-15,ILI incidence,2026-04-12,1,PL,quantile,0.025,213.09889247080582
2026-04-15,ILI incidence,2026-04-19,2,PL,quantile,0.025,180.17958140295045
2026-04-15,ILI incidence,2026-04-26,3,PL,quantile,0.025,150.37160199340806
2026-04-15,ILI incidence,2026-05-03,4,PL,quantile,0.025,123.67230982580425
2026-04-15,ILI incidence,2026-04-12,1,PL,quantile,0.05,215.45296045359754
2026-04-15,ILI incidence,2026-04-19,2,PL,quantile,0.05,182.17254298559956
2026-04-15,ILI incidence,2026-04-26,3,PL,quantile,0.05,152.0594425875463
2026-04-15,ILI incidence,2026-05-03,4,PL,quantile,0.05,125.57520862887374
2026-04-15,ILI incidence,2026-04-12,1,PL,quantile,0.1,219.0712501277144
2026-04-15,ILI incidence,2026-04-19,2,PL,quantile,0.1,185.95697620733117
2026-04-15,ILI incidence,2026-04-26,3,PL,quantile,0.1,155.46897943006684
2026-04-15,ILI incidence,2026-05-03,4,PL,quantile,0.1,129.11944916106563
2026-04-15,ILI incidence,2026-04-12,1,PL,quantile,0.15,222.28065185231017
2026-04-15,ILI incidence,2026-04-19,2,PL,quantile,0.15,189.3552976400024
2026-04-15,ILI incidence,2026-04-26,3,PL,quantile,0.15,158.92244306064177
2026-04-15,ILI incidence,2026-05-03,4,PL,quantile,0.15,131.5054496864081
2026-04-15,ILI incidence,2026-04-12,1,PL,quantile,0.2,224.99544913991448
2026-04-15,ILI incidence,2026-04-19,2,PL,quantile,0.2,192.20236864153958
2026-04-15,ILI incidence,2026-04-26,3,PL,quantile,0.2,161.37517355763174
2026-04-15,ILI incidence,2026-05-03,4,PL,quantile,0.2,133.93795234656451
2026-04-15,ILI incidence,2026-04-12,1,PL,quantile,0.25,228.10030113683146
2026-04-15,ILI incidence,2026-04-19,2,PL,quantile,0.25,195.2841251028813
2026-04-15,ILI incidence,2026-04-26,3,PL,quantile,0.25,164.00016241700243
2026-04-15,ILI incidence,2026-05-03,4,PL,quantile,0.25,136.5685308551091
2026-04-15,ILI incidence,2026-04-12,1,PL,quantile,0.3,231.56549252180707
2026-04-15,ILI incidence,2026-04-19,2,PL,quantile,0.3,198.577585434886
2026-04-15,ILI incidence,2026-04-26,3,PL,quantile,0.3,167.89793663776825
2026-04-15,ILI incidence,2026-05-03,4,PL,quantile,0.3,140.1858002899687
2026-04-15,ILI incidence,2026-04-12,1,PL,quantile,0.35,235.40757064313144
2026-04-15,ILI incidence,2026-04-19,2,PL,quantile,0.35,202.8780635270713
2026-04-15,ILI incidence,2026-04-26,3,PL,quantile,0.35,172.1338671490224
2026-04-15,ILI incidence,2026-05-03,4,PL,quantile,0.35,143.7779215436533
2026-04-15,ILI incidence,2026-04-12,1,PL,quantile,0.4,239.82488239809948
2026-04-15,ILI incidence,2026-04-19,2,PL,quantile,0.4,207.39402065734518
2026-04-15,ILI incidence,2026-04-26,3,PL,quantile,0.4,176.4957975774118
2026-04-15,ILI incidence,2026-05-03,4,PL,quantile,0.4,148.13979282753252
2026-04-15,ILI incidence,2026-04-12,1,PL,quantile,0.45,244.12919716710238
2026-04-15,ILI incidence,2026-04-19,2,PL,quantile,0.45,212.0572927585118
2026-04-15,ILI incidence,2026-04-26,3,PL,quantile,0.45,181.52262443739016
2026-04-15,ILI incidence,2026-05-03,4,PL,quantile,0.45,152.91280286621443
2026-04-15,ILI incidence,2026-04-12,1,PL,quantile,0.5,248.01731545425196
2026-04-15,ILI incidence,2026-04-19,2,PL,quantile,0.5,216.98240858743728
2026-04-15,ILI incidence,2026-04-26,3,PL,quantile,0.5,186.86639642744927
2026-04-15,ILI incidence,2026-05-03,4,PL,quantile,0.5,158.10031266733336
2026-04-15,ILI incidence,2026-04-12,1,PL,quantile,0.55,252.38707036213472
2026-04-15,ILI incidence,2026-04-19,2,PL,quantile,0.55,222.12102042031918
2026-04-15,ILI incidence,2026-04-26,3,PL,quantile,0.55,192.67167486018744
2026-04-15,ILI incidence,2026-05-03,4,PL,quantile,0.55,165.21892807343215
2026-04-15,ILI incidence,2026-04-12,1,PL,quantile,0.6,256.2792565855521
2026-04-15,ILI incidence,2026-04-19,2,PL,quantile,0.6,226.4264236892007
2026-04-15,ILI incidence,2026-04-26,3,PL,quantile,0.6,197.14685020703305
2026-04-15,ILI incidence,2026-05-03,4,PL,quantile,0.6,169.44672397351445
2026-04-15,ILI incidence,2026-04-12,1,PL,quantile,0.65,259.2743406798516
2026-04-15,ILI incidence,2026-04-19,2,PL,quantile,0.65,230.07927545669645
2026-04-15,ILI incidence,2026-04-26,3,PL,quantile,0.65,201.22458941586882
2026-04-15,ILI incidence,2026-05-03,4,PL,quantile,0.65,173.8226890318222
2026-04-15,ILI incidence,2026-04-12,1,PL,quantile,0.7,264.4164999390565
2026-04-15,ILI incidence,2026-04-19,2,PL,quantile,0.7,234.37795202252548
2026-04-15,ILI incidence,2026-04-26,3,PL,quantile,0.7,206.1348977067353
2026-04-15,ILI incidence,2026-05-03,4,PL,quantile,0.7,178.82829842600015
2026-04-15,ILI incidence,2026-04-12,1,PL,quantile,0.75,271.307430045669
2026-04-15,ILI incidence,2026-04-19,2,PL,quantile,0.75,242.13147653048998
2026-04-15,ILI incidence,2026-04-26,3,PL,quantile,0.75,212.76205359309782
2026-04-15,ILI incidence,2026-05-03,4,PL,quantile,0.75,185.30141710180817
2026-04-15,ILI incidence,2026-04-12,1,PL,quantile,0.8,279.20941504636903
2026-04-15,ILI incidence,2026-04-19,2,PL,quantile,0.8,255.18987437465023
2026-04-15,ILI incidence,2026-04-26,3,PL,quantile,0.8,227.42584739218862
2026-04-15,ILI incidence,2026-05-03,4,PL,quantile,0.8,199.28119346333298
2026-04-15,ILI incidence,2026-04-12,1,PL,quantile,0.85,286.5816160992987
2026-04-15,ILI incidence,2026-04-19,2,PL,quantile,0.85,263.15750865847025
2026-04-15,ILI incidence,2026-04-26,3,PL,quantile,0.85,238.37628317855254
2026-04-15,ILI incidence,2026-05-03,4,PL,quantile,0.85,212.9208571393065
2026-04-15,ILI incidence,2026-04-12,1,PL,quantile,0.9,291.6323801233017
2026-04-15,ILI incidence,2026-04-19,2,PL,quantile,0.9,268.997993660203
2026-04-15,ILI incidence,2026-04-26,3,PL,quantile,0.9,245.78586264613696
2026-04-15,ILI incidence,2026-05-03,4,PL,quantile,0.9,220.1295038217063
2026-04-15,ILI incidence,2026-04-12,1,PL,quantile,0.95,296.8592386846998
2026-04-15,ILI incidence,2026-04-19,2,PL,quantile,0.95,276.4424033907692
2026-04-15,ILI incidence,2026-04-26,3,PL,quantile,0.95,253.6336863347174
2026-04-15,ILI incidence,2026-05-03,4,PL,quantile,0.95,229.56110583338585
2026-04-15,ILI incidence,2026-04-12,1,PL,quantile,0.975,300.9071622817388
2026-04-15,ILI incidence,2026-04-19,2,PL,quantile,0.975,280.2436798834819
2026-04-15,ILI incidence,2026-04-26,3,PL,quantile,0.975,257.806373140479
2026-04-15,ILI incidence,2026-05-03,4,PL,quantile,0.975,235.5160312484882
2026-04-15,ILI incidence,2026-04-12,1,PL,quantile,0.99,304.53521488157196
2026-04-15,ILI incidence,2026-04-19,2,PL,quantile,0.99,284.24448047754737
2026-04-15,ILI incidence,2026-04-26,3,PL,quantile,0.99,263.2634369349865
2026-04-15,ILI incidence,2026-05-03,4,PL,quantile,0.99,242.64128678848394
2026-04-15,ILI incidence,2026-04-12,1,PL,median,,248.01731545425196
2026-04-15,ILI incidence,2026-04-19,2,PL,median,,216.98240858743728
2026-04-15,ILI incidence,2026-04-26,3,PL,median,,186.86639642744927
2026-04-15,ILI incidence,2026-05-03,4,PL,median,,158.10031266733336
2026-04-15,ILI incidence,2026-04-12,1,RO,quantile,0.01,6.584004339270579
2026-04-15,ILI incidence,2026-04-19,2,RO,quantile,0.01,4.46714116102629
2026-04-15,ILI incidence,2026-04-26,3,RO,quantile,0.01,2.889499551850143
2026-04-15,ILI incidence,2026-05-03,4,RO,quantile,0.01,1.7822161968502799
2026-04-15,ILI incidence,2026-04-12,1,RO,quantile,0.025,6.613997907571101
2026-04-15,ILI incidence,2026-04-19,2,RO,quantile,0.025,4.503880170420549
2026-04-15,ILI incidence,2026-04-26,3,RO,quantile,0.025,2.9482626030537973
2026-04-15,ILI incidence,2026-05-03,4,RO,quantile,0.025,1.8575493065578916
2026-04-15,ILI incidence,2026-04-12,1,RO,quantile,0.05,6.653103816578397
2026-04-15,ILI incidence,2026-04-19,2,RO,quantile,0.05,4.555396706704116
2026-04-15,ILI incidence,2026-04-26,3,RO,quantile,0.05,2.992190707473354
2026-04-15,ILI incidence,2026-05-03,4,RO,quantile,0.05,1.8998213763897427
2026-04-15,ILI incidence,2026-04-12,1,RO,quantile,0.1,6.704982438342644
2026-04-15,ILI incidence,2026-04-19,2,RO,quantile,0.1,4.63128502635905
2026-04-15,ILI incidence,2026-04-26,3,RO,quantile,0.1,3.0665008887842413
2026-04-15,ILI incidence,2026-05-03,4,RO,quantile,0.1,1.9682521522858736
2026-04-15,ILI incidence,2026-04-12,1,RO,quantile,0.15,6.7449354205913865
2026-04-15,ILI incidence,2026-04-19,2,RO,quantile,0.15,4.701566567147307
2026-04-15,ILI incidence,2026-04-26,3,RO,quantile,0.15,3.145722722697748
2026-04-15,ILI incidence,2026-05-03,4,RO,quantile,0.15,2.0308372982296263
2026-04-15,ILI incidence,2026-04-12,1,RO,quantile,0.2,6.795123022414708
2026-04-15,ILI incidence,2026-04-19,2,RO,quantile,0.2,4.747248267495616
2026-04-15,ILI incidence,2026-04-26,3,RO,quantile,0.2,3.2024700095737417
2026-04-15,ILI incidence,2026-05-03,4,RO,quantile,0.2,2.0941761556363376
2026-04-15,ILI incidence,2026-04-12,1,RO,quantile,0.25,6.83609002251559
2026-04-15,ILI incidence,2026-04-19,2,RO,quantile,0.25,4.792896407377854
2026-04-15,ILI incidence,2026-04-26,3,RO,quantile,0.25,3.2488489973351147
2026-04-15,ILI incidence,2026-05-03,4,RO,quantile,0.25,2.1421260765913424
2026-04-15,ILI incidence,2026-04-12,1,RO,quantile,0.3,6.871677566358253
2026-04-15,ILI incidence,2026-04-19,2,RO,quantile,0.3,4.8412323029386615
2026-04-15,ILI incidence,2026-04-26,3,RO,quantile,0.3,3.2885569372437122
2026-04-15,ILI incidence,2026-05-03,4,RO,quantile,0.3,2.179505420228882
2026-04-15,ILI incidence,2026-04-12,1,RO,quantile,0.35,6.90928375586224
2026-04-15,ILI incidence,2026-04-19,2,RO,quantile,0.35,4.8898971770550705
2026-04-15,ILI incidence,2026-04-26,3,RO,quantile,0.35,3.345254658098595
2026-04-15,ILI incidence,2026-05-03,4,RO,quantile,0.35,2.2204596203733558
2026-04-15,ILI incidence,2026-04-12,1,RO,quantile,0.4,6.954236743345451
2026-04-15,ILI incidence,2026-04-19,2,RO,quantile,0.4,4.9319638889986095
2026-04-15,ILI incidence,2026-04-26,3,RO,quantile,0.4,3.393894938055934
2026-04-15,ILI incidence,2026-05-03,4,RO,quantile,0.4,2.2601133850669317
2026-04-15,ILI incidence,2026-04-12,1,RO,quantile,0.45,6.983051172492871
2026-04-15,ILI incidence,2026-04-19,2,RO,quantile,0.45,4.982338066492497
2026-04-15,ILI incidence,2026-04-26,3,RO,quantile,0.45,3.440627620924003
2026-04-15,ILI incidence,2026-05-03,4,RO,quantile,0.45,2.3033098146798787
2026-04-15,ILI incidence,2026-04-12,1,RO,quantile,0.5,7.026043390507885
2026-04-15,ILI incidence,2026-04-19,2,RO,quantile,0.5,5.028903814508679
2026-04-15,ILI incidence,2026-04-26,3,RO,quantile,0.5,3.475325347521315
2026-04-15,ILI incidence,2026-05-03,4,RO,quantile,0.5,2.3323856352895076
2026-04-15,ILI incidence,2026-04-12,1,RO,quantile,0.55,7.06725068122674
2026-04-15,ILI incidence,2026-04-19,2,RO,quantile,0.55,5.071033127463404
2026-04-15,ILI incidence,2026-04-26,3,RO,quantile,0.55,3.515868254230173
2026-04-15,ILI incidence,2026-05-03,4,RO,quantile,0.55,2.3676315855717323
2026-04-15,ILI incidence,2026-04-12,1,RO,quantile,0.6,7.100819739694629
2026-04-15,ILI incidence,2026-04-19,2,RO,quantile,0.6,5.118103505517035
2026-04-15,ILI incidence,2026-04-26,3,RO,quantile,0.6,3.562797366490778
2026-04-15,ILI incidence,2026-05-03,4,RO,quantile,0.6,2.410815455040575
2026-04-15,ILI incidence,2026-04-12,1,RO,quantile,0.65,7.1437909686779815
2026-04-15,ILI incidence,2026-04-19,2,RO,quantile,0.65,5.157241065234533
2026-04-15,ILI incidence,2026-04-26,3,RO,quantile,0.65,3.610359250894743
2026-04-15,ILI incidence,2026-05-03,4,RO,quantile,0.65,2.45396321334476
2026-04-15,ILI incidence,2026-04-12,1,RO,quantile,0.7,7.184874691116807
2026-04-15,ILI incidence,2026-04-19,2,RO,quantile,0.7,5.2100782582020475
2026-04-15,ILI incidence,2026-04-26,3,RO,quantile,0.7,3.653005213704715
2026-04-15,ILI incidence,2026-05-03,4,RO,quantile,0.7,2.49349583026534
2026-04-15,ILI incidence,2026-04-12,1,RO,quantile,0.75,7.225158070931686
2026-04-15,ILI incidence,2026-04-19,2,RO,quantile,0.75,5.248433708859008
2026-04-15,ILI incidence,2026-04-26,3,RO,quantile,0.75,3.6970779069819195
2026-04-15,ILI incidence,2026-05-03,4,RO,quantile,0.75,2.5318965604506785
2026-04-15,ILI incidence,2026-04-12,1,RO,quantile,0.8,7.266670330657064
2026-04-15,ILI incidence,2026-04-19,2,RO,quantile,0.8,5.306081024964715
2026-04-15,ILI incidence,2026-04-26,3,RO,quantile,0.8,3.754606884013774
2026-04-15,ILI incidence,2026-05-03,4,RO,quantile,0.8,2.5822262874969746
2026-04-15,ILI incidence,2026-04-12,1,RO,quantile,0.85,7.321444148192641
2026-04-15,ILI incidence,2026-04-19,2,RO,quantile,0.85,5.3728349801175375
2026-04-15,ILI incidence,2026-04-26,3,RO,quantile,0.85,3.827123597267358
2026-04-15,ILI incidence,2026-05-03,4,RO,quantile,0.85,2.6488473060732507
2026-04-15,ILI incidence,2026-04-12,1,RO,quantile,0.9,7.383330633218255
2026-04-15,ILI incidence,2026-04-19,2,RO,quantile,0.9,5.451342554784734
2026-04-15,ILI incidence,2026-04-26,3,RO,quantile,0.9,3.909132819560097
2026-04-15,ILI incidence,2026-05-03,4,RO,quantile,0.9,2.7268741202435387
2026-04-15,ILI incidence,2026-04-12,1,RO,quantile,0.95,7.484599152869167
2026-04-15,ILI incidence,2026-04-19,2,RO,quantile,0.95,5.61235795041619
2026-04-15,ILI incidence,2026-04-26,3,RO,quantile,0.95,4.074414279143276
2026-04-15,ILI incidence,2026-05-03,4,RO,quantile,0.95,2.87796659518221
2026-04-15,ILI incidence,2026-04-12,1,RO,quantile,0.975,7.587567612262219
2026-04-15,ILI incidence,2026-04-19,2,RO,quantile,0.975,5.759072003127191
2026-04-15,ILI incidence,2026-04-26,3,RO,quantile,0.975,4.260760723978424
2026-04-15,ILI incidence,2026-05-03,4,RO,quantile,0.975,3.069706503087361
2026-04-15,ILI incidence,2026-04-12,1,RO,quantile,0.99,7.64309898764998
2026-04-15,ILI incidence,2026-04-19,2,RO,quantile,0.99,5.921884693091316
2026-04-15,ILI incidence,2026-04-26,3,RO,quantile,0.99,4.420136506213525
2026-04-15,ILI incidence,2026-05-03,4,RO,quantile,0.99,3.2056712762470636
2026-04-15,ILI incidence,2026-04-12,1,RO,median,,7.026043390507885
2026-04-15,ILI incidence,2026-04-19,2,RO,median,,5.028903814508679
2026-04-15,ILI incidence,2026-04-26,3,RO,median,,3.475325347521315
2026-04-15,ILI incidence,2026-05-03,4,RO,median,,2.3323856352895076
2026-04-15,ILI incidence,2026-04-12,1,SI,quantile,0.01,0.039381549006326844
2026-04-15,ILI incidence,2026-04-19,2,SI,quantile,0.01,0.013365110335402311
2026-04-15,ILI incidence,2026-04-26,3,SI,quantile,0.01,0.0055659340378418675
2026-04-15,ILI incidence,2026-05-03,4,SI,quantile,0.01,0.0008015280105161548
2026-04-15,ILI incidence,2026-04-12,1,SI,quantile,0.025,0.08844054326582479
2026-04-15,ILI incidence,2026-04-19,2,SI,quantile,0.025,0.03454219088156171
2026-04-15,ILI incidence,2026-04-26,3,SI,quantile,0.025,0.012220057528848307
2026-04-15,ILI incidence,2026-05-03,4,SI,quantile,0.025,0.003519184034115153
2026-04-15,ILI incidence,2026-04-12,1,SI,quantile,0.05,0.1284803276256455
2026-04-15,ILI incidence,2026-04-19,2,SI,quantile,0.05,0.05462590667514404
2026-04-15,ILI incidence,2026-04-26,3,SI,quantile,0.05,0.023015529094073513
2026-04-15,ILI incidence,2026-05-03,4,SI,quantile,0.05,0.010113266222619923
2026-04-15,ILI incidence,2026-04-12,1,SI,quantile,0.1,0.27261416050113624
2026-04-15,ILI incidence,2026-04-19,2,SI,quantile,0.1,0.11565849597139273
2026-04-15,ILI incidence,2026-04-26,3,SI,quantile,0.1,0.0517334841224243
2026-04-15,ILI incidence,2026-05-03,4,SI,quantile,0.1,0.02068472632407993
2026-04-15,ILI incidence,2026-04-12,1,SI,quantile,0.15,0.4014273875199209
2026-04-15,ILI incidence,2026-04-19,2,SI,quantile,0.15,0.17750002493531755
2026-04-15,ILI incidence,2026-04-26,3,SI,quantile,0.15,0.08181499164304909
2026-04-15,ILI incidence,2026-05-03,4,SI,quantile,0.15,0.03538355264234916
2026-04-15,ILI incidence,2026-04-12,1,SI,quantile,0.2,0.5883064608879486
2026-04-15,ILI incidence,2026-04-19,2,SI,quantile,0.2,0.27599514635988814
2026-04-15,ILI incidence,2026-04-26,3,SI,quantile,0.2,0.12347537019050017
2026-04-15,ILI incidence,2026-05-03,4,SI,quantile,0.2,0.05495199728285128
2026-04-15,ILI incidence,2026-04-12,1,SI,quantile,0.25,0.836978973971007
2026-04-15,ILI incidence,2026-04-19,2,SI,quantile,0.25,0.404839877218801
2026-04-15,ILI incidence,2026-04-26,3,SI,quantile,0.25,0.18631063512465695
2026-04-15,ILI incidence,2026-05-03,4,SI,quantile,0.25,0.08463814818891775
2026-04-15,ILI incidence,2026-04-12,1,SI,quantile,0.3,1.134430291603078
2026-04-15,ILI incidence,2026-04-19,2,SI,quantile,0.3,0.5507433781133181
2026-04-15,ILI incidence,2026-04-26,3,SI,quantile,0.3,0.25797868936395446
2026-04-15,ILI incidence,2026-05-03,4,SI,quantile,0.3,0.1196108624817338
2026-04-15,ILI incidence,2026-04-12,1,SI,quantile,0.35,1.4308192954622225
2026-04-15,ILI incidence,2026-04-19,2,SI,quantile,0.35,0.725075949062596
2026-04-15,ILI incidence,2026-04-26,3,SI,quantile,0.35,0.34781167587868445
2026-04-15,ILI incidence,2026-05-03,4,SI,quantile,0.35,0.16765014027638286
2026-04-15,ILI incidence,2026-04-12,1,SI,quantile,0.4,1.810381719533001
2026-04-15,ILI incidence,2026-04-19,2,SI,quantile,0.4,0.9240297753371537
2026-04-15,ILI incidence,2026-04-26,3,SI,quantile,0.4,0.4607720279004484
2026-04-15,ILI incidence,2026-05-03,4,SI,quantile,0.4,0.21222731093812122
2026-04-15,ILI incidence,2026-04-12,1,SI,quantile,0.45,2.4507624745256593
2026-04-15,ILI incidence,2026-04-19,2,SI,quantile,0.45,1.2821029169742948
2026-04-15,ILI incidence,2026-04-26,3,SI,quantile,0.45,0.6415554769317934
2026-04-15,ILI incidence,2026-05-03,4,SI,quantile,0.45,0.3200989867611407
2026-04-15,ILI incidence,2026-04-12,1,SI,quantile,0.5,3.1798385794947377
2026-04-15,ILI incidence,2026-04-19,2,SI,quantile,0.5,1.7188508961750373
2026-04-15,ILI incidence,2026-04-26,3,SI,quantile,0.5,0.9061311299367704
2026-04-15,ILI incidence,2026-05-03,4,SI,quantile,0.5,0.4515174503871749
2026-04-15,ILI incidence,2026-04-12,1,SI,quantile,0.55,4.018527797167989
2026-04-15,ILI incidence,2026-04-19,2,SI,quantile,0.55,2.1580850612478533
2026-04-15,ILI incidence,2026-04-26,3,SI,quantile,0.55,1.1607501429497544
2026-04-15,ILI incidence,2026-05-03,4,SI,quantile,0.55,0.5951623660134301
2026-04-15,ILI incidence,2026-04-12,1,SI,quantile,0.6,5.163738637777925
2026-04-15,ILI incidence,2026-04-19,2,SI,quantile,0.6,2.852231367865532
2026-04-15,ILI incidence,2026-04-26,3,SI,quantile,0.6,1.5446756434588411
2026-04-15,ILI incidence,2026-05-03,4,SI,quantile,0.6,0.7892929358133635
2026-04-15,ILI incidence,2026-04-12,1,SI,quantile,0.65,6.801423086320972
2026-04-15,ILI incidence,2026-04-19,2,SI,quantile,0.65,3.7663815713746778
2026-04-15,ILI incidence,2026-04-26,3,SI,quantile,0.65,2.0338756104139817
2026-04-15,ILI incidence,2026-05-03,4,SI,quantile,0.65,1.1077909988439596
2026-04-15,ILI incidence,2026-04-12,1,SI,quantile,0.7,9.014375652803967
2026-04-15,ILI incidence,2026-04-19,2,SI,quantile,0.7,5.310708125213365
2026-04-15,ILI incidence,2026-04-26,3,SI,quantile,0.7,2.945934300625106
2026-04-15,ILI incidence,2026-05-03,4,SI,quantile,0.7,1.599026373573232
2026-04-15,ILI incidence,2026-04-12,1,SI,quantile,0.75,12.388929750143477
2026-04-15,ILI incidence,2026-04-19,2,SI,quantile,0.75,7.2281180350116205
2026-04-15,ILI incidence,2026-04-26,3,SI,quantile,0.75,4.083397391886376
2026-04-15,ILI incidence,2026-05-03,4,SI,quantile,0.75,2.1959691465626157
2026-04-15,ILI incidence,2026-04-12,1,SI,quantile,0.8,16.381436303080932
2026-04-15,ILI incidence,2026-04-19,2,SI,quantile,0.8,9.399315891469678
2026-04-15,ILI incidence,2026-04-26,3,SI,quantile,0.8,5.405065494830979
2026-04-15,ILI incidence,2026-05-03,4,SI,quantile,0.8,3.042307261937625
2026-04-15,ILI incidence,2026-04-12,1,SI,quantile,0.85,21.923680061947934
2026-04-15,ILI incidence,2026-04-19,2,SI,quantile,0.85,13.700361200157914
2026-04-15,ILI incidence,2026-04-26,3,SI,quantile,0.85,8.066581630871694
2026-04-15,ILI incidence,2026-05-03,4,SI,quantile,0.85,4.70276562285929
2026-04-15,ILI incidence,2026-04-12,1,SI,quantile,0.9,31.948974363134575
2026-04-15,ILI incidence,2026-04-19,2,SI,quantile,0.9,21.1497688638166
2026-04-15,ILI incidence,2026-04-26,3,SI,quantile,0.9,13.229763089770945
2026-04-15,ILI incidence,2026-05-03,4,SI,quantile,0.9,7.81840202958706
2026-04-15,ILI incidence,2026-04-12,1,SI,quantile,0.95,50.91974341783067
2026-04-15,ILI incidence,2026-04-19,2,SI,quantile,0.95,34.73684100128319
2026-04-15,ILI incidence,2026-04-26,3,SI,quantile,0.95,22.041684831089825
2026-04-15,ILI incidence,2026-05-03,4,SI,quantile,0.95,14.111899123225344
2026-04-15,ILI incidence,2026-04-12,1,SI,quantile,0.975,73.03683654587934
2026-04-15,ILI incidence,2026-04-19,2,SI,quantile,0.975,49.52280980400686
2026-04-15,ILI incidence,2026-04-26,3,SI,quantile,0.975,35.8447955520522
2026-04-15,ILI incidence,2026-05-03,4,SI,quantile,0.975,24.244826216803407
2026-04-15,ILI incidence,2026-04-12,1,SI,quantile,0.99,103.21636797041896
2026-04-15,ILI incidence,2026-04-19,2,SI,quantile,0.99,79.4013780060023
2026-04-15,ILI incidence,2026-04-26,3,SI,quantile,0.99,61.7765541357239
2026-04-15,ILI incidence,2026-05-03,4,SI,quantile,0.99,50.16415617597101
2026-04-15,ILI incidence,2026-04-12,1,SI,median,,3.1798385794947377
2026-04-15,ILI incidence,2026-04-19,2,SI,median,,1.7188508961750373
2026-04-15,ILI incidence,2026-04-26,3,SI,median,,0.9061311299367704
2026-04-15,ILI incidence,2026-05-03,4,SI,median,,0.4515174503871749
