origin_date,target,target_end_date,horizon,location,output_type,output_type_id,value
2026-04-15,ARI incidence,2026-04-12,1,BG,quantile,0.01,422.4589925936381
2026-04-15,ARI incidence,2026-04-12,1,BG,quantile,0.025,477.34332584447617
2026-04-15,ARI incidence,2026-04-12,1,BG,quantile,0.05,526.2424881234352
2026-04-15,ARI incidence,2026-04-12,1,BG,quantile,0.1,584.4929704333094
2026-04-15,ARI incidence,2026-04-12,1,BG,quantile,0.15,624.8921340729956
2026-04-15,ARI incidence,2026-04-12,1,BG,quantile,0.2,657.6147018834796
2026-04-15,ARI incidence,2026-04-12,1,BG,quantile,0.25,686.1134217573275
2026-04-15,ARI incidence,2026-04-12,1,BG,quantile,0.3,712.0360559477795
2026-04-15,ARI incidence,2026-04-12,1,BG,quantile,0.35,736.3322103469216
2026-04-15,ARI incidence,2026-04-12,1,BG,quantile,0.4,759.6285319423553
2026-04-15,ARI incidence,2026-04-12,1,BG,quantile,0.45,782.3894777787067
2026-04-15,ARI incidence,2026-04-12,1,BG,quantile,0.5,805
2026-04-15,ARI incidence,2026-04-12,1,BG,quantile,0.55,827.8171699309921
2026-04-15,ARI incidence,2026-04-12,1,BG,quantile,0.6,851.2114916182946
2026-04-15,ARI incidence,2026-04-12,1,BG,quantile,0.65,875.6111808116704
2026-04-15,ARI incidence,2026-04-12,1,BG,quantile,0.7,901.5641486706344
2026-04-15,ARI incidence,2026-04-12,1,BG,quantile,0.75,929.844196209345
2026-04-15,ARI incidence,2026-04-12,1,BG,quantile,0.8,961.6648310153885
2026-04-15,ARI incidence,2026-04-12,1,BG,quantile,0.85,999.1885291146401
2026-04-15,ARI incidence,2026-04-12,1,BG,quantile,0.9,1047.054644205257
2026-04-15,ARI incidence,2026-04-12,1,BG,quantile,0.95,1119.3134895419944
2026-04-15,ARI incidence,2026-04-12,1,BG,quantile,0.975,1183.2329079778535
2026-04-15,ARI incidence,2026-04-12,1,BG,quantile,0.99,1258.9765746195842
2026-04-15,ARI incidence,2026-04-12,1,CZ,quantile,0.01,691.3857356237477
2026-04-15,ARI incidence,2026-04-12,1,CZ,quantile,0.025,723.697253304343
2026-04-15,ARI incidence,2026-04-12,1,CZ,quantile,0.05,752.6922017769743
2026-04-15,ARI incidence,2026-04-12,1,CZ,quantile,0.1,787.5662041421621
2026-04-15,ARI incidence,2026-04-12,1,CZ,quantile,0.15,812.0038611091372
2026-04-15,ARI incidence,2026-04-12,1,CZ,quantile,0.2,831.965816566204
2026-04-15,ARI incidence,2026-04-12,1,CZ,quantile,0.25,849.4820423214206
2026-04-15,ARI incidence,2026-04-12,1,CZ,quantile,0.3,865.5262277274818
2026-04-15,ARI incidence,2026-04-12,1,CZ,quantile,0.35,880.6639333764317
2026-04-15,ARI incidence,2026-04-12,1,CZ,quantile,0.4,895.272868748238
2026-04-15,ARI incidence,2026-04-12,1,CZ,quantile,0.45,909.6378005216624
2026-04-15,ARI incidence,2026-04-12,1,CZ,quantile,0.5,923.9999999999999
2026-04-15,ARI incidence,2026-04-12,1,CZ,quantile,0.55,938.5889631129811
2026-04-15,ARI incidence,2026-04-12,1,CZ,quantile,0.6,953.6489150997519
2026-04-15,ARI incidence,2026-04-12,1,CZ,quantile,0.65,969.4685652978377
2026-04-15,ARI incidence,2026-04-12,1,CZ,quantile,0.7,986.4241806301661
2026-04-15,ARI incidence,2026-04-12,1,CZ,quantile,0.75,1005.0547951159095
2026-04-15,ARI incidence,2026-04-12,1,CZ,quantile,0.8,1026.2152398566247
2026-04-15,ARI incidence,2026-04-12,1,CZ,quantile,0.85,1051.4432761856635
2026-04-15,ARI incidence,2026-04-12,1,CZ,quantile,0.9,1084.0688636836
2026-04-15,ARI incidence,2026-04-12,1,CZ,quantile,0.95,1134.2963272163356
2026-04-15,ARI incidence,2026-04-12,1,CZ,quantile,0.975,1179.7419378085626
2026-04-15,ARI incidence,2026-04-12,1,CZ,quantile,0.99,1234.8765038227878
2026-04-15,ARI incidence,2026-04-12,1,DE,quantile,0.01,546.3068351660058
2026-04-15,ARI incidence,2026-04-12,1,DE,quantile,0.025,625.4571384760144
2026-04-15,ARI incidence,2026-04-12,1,DE,quantile,0.05,694.7009082016019
2026-04-15,ARI incidence,2026-04-12,1,DE,quantile,0.1,775.7702570090238
2026-04-15,ARI incidence,2026-04-12,1,DE,quantile,0.15,831.1663516332225
2026-04-15,ARI incidence,2026-04-12,1,DE,quantile,0.2,875.5737386458612
2026-04-15,ARI incidence,2026-04-12,1,DE,quantile,0.25,913.929525639596
2026-04-15,ARI incidence,2026-04-12,1,DE,quantile,0.3,948.5711456949228
2026-04-15,ARI incidence,2026-04-12,1,DE,quantile,0.35,980.8336900401803
2026-04-15,ARI incidence,2026-04-12,1,DE,quantile,0.4,1011.5882714546792
2026-04-15,ARI incidence,2026-04-12,1,DE,quantile,0.45,1041.4711143972434
2026-04-15,ARI incidence,2026-04-12,1,DE,quantile,0.5,1071.0000000000007
2026-04-15,ARI incidence,2026-04-12,1,DE,quantile,0.55,1100.645386293595
2026-04-15,ARI incidence,2026-04-12,1,DE,quantile,0.6,1130.885372735106
2026-04-15,ARI incidence,2026-04-12,1,DE,quantile,0.65,1162.2623605749247
2026-04-15,ARI incidence,2026-04-12,1,DE,quantile,0.7,1195.460100693126
2026-04-15,ARI incidence,2026-04-12,1,DE,quantile,0.75,1231.4336048706866
2026-04-15,ARI incidence,2026-04-12,1,DE,quantile,0.8,1271.6686705459356
2026-04-15,ARI incidence,2026-04-12,1,DE,quantile,0.85,1318.797327358686
2026-04-15,ARI incidence,2026-04-12,1,DE,quantile,0.9,1378.4380043868812
2026-04-15,ARI incidence,2026-04-12,1,DE,quantile,0.95,1467.51201273021
2026-04-15,ARI incidence,2026-04-12,1,DE,quantile,0.975,1545.4013737406801
2026-04-15,ARI incidence,2026-04-12,1,DE,quantile,0.99,1636.6720026957728
2026-04-15,ARI incidence,2026-04-12,1,EE,quantile,0.01,121.06957690443386
2026-04-15,ARI incidence,2026-04-12,1,EE,quantile,0.025,132.1419073805088
2026-04-15,ARI incidence,2026-04-12,1,EE,quantile,0.05,142.15033058048715
2026-04-15,ARI incidence,2026-04-12,1,EE,quantile,0.1,154.25771150968464
2026-04-15,ARI incidence,2026-04-12,1,EE,quantile,0.15,162.77618695064282
2026-04-15,ARI incidence,2026-04-12,1,EE,quantile,0.2,169.75023181893854
2026-04-15,ARI incidence,2026-04-12,1,EE,quantile,0.25,175.8787345221194
2026-04-15,ARI incidence,2026-04-12,1,EE,quantile,0.3,181.49775947066232
2026-04-15,ARI incidence,2026-04-12,1,EE,quantile,0.35,186.8028901287913
2026-04-15,ARI incidence,2026-04-12,1,EE,quantile,0.4,191.92496017981085
2026-04-15,ARI incidence,2026-04-12,1,EE,quantile,0.45,196.96274106972504
2026-04-15,ARI incidence,2026-04-12,1,EE,quantile,0.5,202.00000000000006
2026-04-15,ARI incidence,2026-04-12,1,EE,quantile,0.55,207.11645907495645
2026-04-15,ARI incidence,2026-04-12,1,EE,quantile,0.6,212.3969628960557
2026-04-15,ARI incidence,2026-04-12,1,EE,quantile,0.65,217.9417737988948
2026-04-15,ARI incidence,2026-04-12,1,EE,quantile,0.7,223.88146921274364
2026-04-15,ARI incidence,2026-04-12,1,EE,quantile,0.75,230.40293163768166
2026-04-15,ARI incidence,2026-04-12,1,EE,quantile,0.8,237.8021737658026
2026-04-15,ARI incidence,2026-04-12,1,EE,quantile,0.85,246.61090416669896
2026-04-15,ARI incidence,2026-04-12,1,EE,quantile,0.9,257.9782873805666
2026-04-15,ARI incidence,2026-04-12,1,EE,quantile,0.95,275.41552704040805
2026-04-15,ARI incidence,2026-04-12,1,EE,quantile,0.975,291.1171026316318
2026-04-15,ARI incidence,2026-04-12,1,EE,quantile,0.99,310.0579974960516
2026-04-15,ARI incidence,2026-04-12,1,FI,quantile,0.01,1905.8707884628361
2026-04-15,ARI incidence,2026-04-12,1,FI,quantile,0.025,1994.3116592705412
2026-04-15,ARI incidence,2026-04-12,1,FI,quantile,0.05,2073.6513998728196
2026-04-15,ARI incidence,2026-04-12,1,FI,quantile,0.1,2169.0502904317796
2026-04-15,ARI incidence,2026-04-12,1,FI,quantile,0.15,2235.882785743146
2026-04-15,ARI incidence,2026-04-12,1,FI,quantile,0.2,2290.464738472673
2026-04-15,ARI incidence,2026-04-12,1,FI,quantile,0.25,2338.351880879667
2026-04-15,ARI incidence,2026-04-12,1,FI,quantile,0.3,2382.208666810668
2026-04-15,ARI incidence,2026-04-12,1,FI,quantile,0.35,2423.5824428756187
2026-04-15,ARI incidence,2026-04-12,1,FI,quantile,0.4,2463.50634902654
2026-04-15,ARI incidence,2026-04-12,1,FI,quantile,0.45,2502.759046475174
2026-04-15,ARI incidence,2026-04-12,1,FI,quantile,0.5,2542.0000000000005
2026-04-15,ARI incidence,2026-04-12,1,FI,quantile,0.55,2581.8562154837073
2026-04-15,ARI incidence,2026-04-12,1,FI,quantile,0.6,2622.994660660559
2026-04-15,ARI incidence,2026-04-12,1,FI,quantile,0.65,2666.2035034108512
2026-04-15,ARI incidence,2026-04-12,1,FI,quantile,0.7,2712.509651243565
2026-04-15,ARI incidence,2026-04-12,1,FI,quantile,0.75,2763.383925591706
2026-04-15,ARI incidence,2026-04-12,1,FI,quantile,0.8,2821.15847123184
2026-04-15,ARI incidence,2026-04-12,1,FI,quantile,0.85,2890.0280646206998
2026-04-15,ARI incidence,2026-04-12,1,FI,quantile,0.9,2979.0752332965503
2026-04-15,ARI incidence,2026-04-12,1,FI,quantile,0.95,3116.1283909129147
2026-04-15,ARI incidence,2026-04-12,1,FI,quantile,0.975,3240.0973889725574
2026-04-15,ARI incidence,2026-04-12,1,FI,quantile,0.99,3390.452300919982
2026-04-15,ARI incidence,2026-04-12,1,LT,quantile,0.01,304.1461909691729
2026-04-15,ARI incidence,2026-04-12,1,LT,quantile,0.025,366.2542293518746
2026-04-15,ARI incidence,2026-04-12,1,LT,quantile,0.05,419.75635062309624
2026-04-15,ARI incidence,2026-04-12,1,LT,quantile,0.1,481.52570531029085
2026-04-15,ARI incidence,2026-04-12,1,LT,quantile,0.15,523.2469295810109
2026-04-15,ARI incidence,2026-04-12,1,LT,quantile,0.2,556.4296340672021
2026-04-15,ARI incidence,2026-04-12,1,LT,quantile,0.25,584.9133412437589
2026-04-15,ARI incidence,2026-04-12,1,LT,quantile,0.3,610.5044930333324
2026-04-15,ARI incidence,2026-04-12,1,LT,quantile,0.35,634.2281431492742
2026-04-15,ARI incidence,2026-04-12,1,LT,quantile,0.4,656.7478185466073
2026-04-15,ARI incidence,2026-04-12,1,LT,quantile,0.45,678.5432536069884
2026-04-15,ARI incidence,2026-04-12,1,LT,quantile,0.5,700.0000000000001
2026-04-15,ARI incidence,2026-04-12,1,LT,quantile,0.55,721.4633552805327
2026-04-15,ARI incidence,2026-04-12,1,LT,quantile,0.6,743.2790570644609
2026-04-15,ARI incidence,2026-04-12,1,LT,quantile,0.65,765.834075770413
2026-04-15,ARI incidence,2026-04-12,1,LT,quantile,0.7,789.6108880896143
2026-04-15,ARI incidence,2026-04-12,1,LT,quantile,0.75,815.2778718711221
2026-04-15,ARI incidence,2026-04-12,1,LT,quantile,0.8,843.8688197235064
2026-04-15,ARI incidence,2026-04-12,1,LT,quantile,0.85,877.2073254827751
2026-04-15,ARI incidence,2026-04-12,1,LT,quantile,0.9,919.1728122905774
2026-04-15,ARI incidence,2026-04-12,1,LT,quantile,0.95,981.4071648573225
2026-04-15,ARI incidence,2026-04-12,1,LT,quantile,0.975,1035.4184118513626
2026-04-15,ARI incidence,2026-04-12,1,LT,quantile,0.99,1098.2536765331117
2026-04-15,ARI incidence,2026-04-12,1,LV,quantile,0.01,804.0943478640276
2026-04-15,ARI incidence,2026-04-12,1,LV,quantile,0.025,855.2754110206752
2026-04-15,ARI incidence,2026-04-12,1,LV,quantile,0.05,899.8813798538537
2026-04-15,ARI incidence,2026-04-12,1,LV,quantile,0.1,951.9636885267885
2026-04-15,ARI incidence,2026-04-12,1,LV,quantile,0.15,987.4895197938421
2026-04-15,ARI incidence,2026-04-12,1,LV,quantile,0.2,1015.9415619834148
2026-04-15,ARI incidence,2026-04-12,1,LV,quantile,0.25,1040.5018361111486
2026-04-15,ARI incidence,2026-04-12,1,LV,quantile,0.3,1062.675010196228
2026-04-15,ARI incidence,2026-04-12,1,LV,quantile,0.35,1083.319722280134
2026-04-15,ARI incidence,2026-04-12,1,LV,quantile,0.4,1102.9957782456663
2026-04-15,ARI incidence,2026-04-12,1,LV,quantile,0.45,1122.111761747938
2026-04-15,ARI incidence,2026-04-12,1,LV,quantile,0.5,1141
2026-04-15,ARI incidence,2026-04-12,1,LV,quantile,0.55,1159.96230831392
2026-04-15,ARI incidence,2026-04-12,1,LV,quantile,0.6,1179.3053087506432
2026-04-15,ARI incidence,2026-04-12,1,LV,quantile,0.65,1199.3768088891122
2026-04-15,ARI incidence,2026-04-12,1,LV,quantile,0.7,1220.615249467472
2026-04-15,ARI incidence,2026-04-12,1,LV,quantile,0.75,1243.6330720507244
2026-04-15,ARI incidence,2026-04-12,1,LV,quantile,0.8,1269.3832818043782
2026-04-15,ARI incidence,2026-04-12,1,LV,quantile,0.85,1299.554524570388
2026-04-15,ARI incidence,2026-04-12,1,LV,quantile,0.9,1337.7527103210907
2026-04-15,ARI incidence,2026-04-12,1,LV,quantile,0.95,1394.8436921858656
2026-04-15,ARI incidence,2026-04-12,1,LV,quantile,0.975,1444.8129852055172
2026-04-15,ARI incidence,2026-04-12,1,LV,quantile,0.99,1503.4295768010193
2026-04-15,ARI incidence,2026-04-12,1,RO,quantile,0.01,450.5294678830944
2026-04-15,ARI incidence,2026-04-12,1,RO,quantile,0.025,487.3648506243304
2026-04-15,ARI incidence,2026-04-12,1,RO,quantile,0.05,520.411905851059
2026-04-15,ARI incidence,2026-04-12,1,RO,quantile,0.1,560.1013524499909
2026-04-15,ARI incidence,2026-04-12,1,RO,quantile,0.15,587.851140737577
2026-04-15,ARI incidence,2026-04-12,1,RO,quantile,0.2,610.4692414695909
2026-04-15,ARI incidence,2026-04-12,1,RO,quantile,0.25,630.2739720419205
2026-04-15,ARI incidence,2026-04-12,1,RO,quantile,0.3,648.3761722858311
2026-04-15,ARI incidence,2026-04-12,1,RO,quantile,0.35,665.4196153924378
2026-04-15,ARI incidence,2026-04-12,1,RO,quantile,0.4,681.8325792868949
2026-04-15,ARI incidence,2026-04-12,1,RO,quantile,0.45,697.9360768734115
2026-04-15,ARI incidence,2026-04-12,1,RO,quantile,0.5,714.0000000000001
2026-04-15,ARI incidence,2026-04-12,1,RO,quantile,0.55,730.2787899102781
2026-04-15,ARI incidence,2026-04-12,1,RO,quantile,0.6,747.0407849034599
2026-04-15,ARI incidence,2026-04-12,1,RO,quantile,0.65,764.6006272184642
2026-04-15,ARI incidence,2026-04-12,1,RO,quantile,0.7,783.3656176055664
2026-04-15,ARI incidence,2026-04-12,1,RO,quantile,0.75,803.9160911837715
2026-04-15,ARI incidence,2026-04-12,1,RO,quantile,0.8,827.1682795752266
2026-04-15,ARI incidence,2026-04-12,1,RO,quantile,0.85,854.7637927361694
2026-04-15,ARI incidence,2026-04-12,1,RO,quantile,0.9,890.2425163223609
2026-04-15,ARI incidence,2026-04-12,1,RO,quantile,0.95,944.3915441600238
2026-04-15,ARI incidence,2026-04-12,1,RO,quantile,0.975,992.88371193902606
2026-04-15,ARI incidence,2026-04-12,1,RO,quantile,0.99,1051.0658338120331
2026-04-15,ARI incidence,2026-04-12,1,SI,quantile,0.01,801.0012888968915
2026-04-15,ARI incidence,2026-04-12,1,SI,quantile,0.025,862.9026905752664
2026-04-15,ARI incidence,2026-04-12,1,SI,quantile,0.05,919.9542068407976
2026-04-15,ARI incidence,2026-04-12,1,SI,quantile,0.1,990.427947850873
2026-04-15,ARI incidence,2026-04-12,1,SI,quantile,0.15,1041.0015461578814
2026-04-15,ARI incidence,2026-04-12,1,SI,quantile,0.2,1083.0313073368425
2026-04-15,ARI incidence,2026-04-12,1,SI,quantile,0.25,1120.4389258749907
2026-04-15,ARI incidence,2026-04-12,1,SI,quantile,0.3,1155.1319857306178
2026-04-15,ARI incidence,2026-04-12,1,SI,quantile,0.35,1188.2384815570151
2026-04-15,ARI incidence,2026-04-12,1,SI,quantile,0.4,1220.5302404727743
2026-04-15,ARI incidence,2026-04-12,1,SI,quantile,0.45,1252.6079098460243
2026-04-15,ARI incidence,2026-04-12,1,SI,quantile,0.5,1285.0000000000005
2026-04-15,ARI incidence,2026-04-12,1,SI,quantile,0.55,1318.229740544251
2026-04-15,ARI incidence,2026-04-12,1,SI,quantile,0.6,1352.8751236515013
2026-04-15,ARI incidence,2026-04-12,1,SI,quantile,0.65,1389.6410742701323
2026-04-15,ARI incidence,2026-04-12,1,SI,quantile,0.7,1429.4686844426753
2026-04-15,ARI incidence,2026-04-12,1,SI,quantile,0.75,1473.7304835339428
2026-04-15,ARI incidence,2026-04-12,1,SI,quantile,0.8,1524.6327495927503
2026-04-15,ARI incidence,2026-04-12,1,SI,quantile,0.85,1586.18880643773
2026-04-15,ARI incidence,2026-04-12,1,SI,quantile,0.9,1667.1833661226847
2026-04-15,ARI incidence,2026-04-12,1,SI,quantile,0.95,1794.8991240231956
2026-04-15,ARI incidence,2026-04-12,1,SI,quantile,0.975,1913.570345804796
2026-04-15,ARI incidence,2026-04-12,1,SI,quantile,0.99,2061.4511148590104
2026-04-15,ARI incidence,2026-04-19,2,BG,quantile,0.01,283.52871970217075
2026-04-15,ARI incidence,2026-04-19,2,BG,quantile,0.025,361.52007107433985
2026-04-15,ARI incidence,2026-04-19,2,BG,quantile,0.05,431.42093574747867
2026-04-15,ARI incidence,2026-04-19,2,BG,quantile,0.1,514.8903660885918
2026-04-15,ARI incidence,2026-04-19,2,BG,quantile,0.15,572.7960200208663
2026-04-15,ARI incidence,2026-04-19,2,BG,quantile,0.2,619.6676720279727
2026-04-15,ARI incidence,2026-04-19,2,BG,quantile,0.25,660.4502744013388
2026-04-15,ARI incidence,2026-04-19,2,BG,quantile,0.3,697.5062632855138
2026-04-15,ARI incidence,2026-04-19,2,BG,quantile,0.35,732.1970219817149
2026-04-15,ARI incidence,2026-04-19,2,BG,quantile,0.4,765.4198589069791
2026-04-15,ARI incidence,2026-04-19,2,BG,quantile,0.45,797.8382258065462
2026-04-15,ARI incidence,2026-04-19,2,BG,quantile,0.5,830.0000000000002
2026-04-15,ARI incidence,2026-04-19,2,BG,quantile,0.55,862.4110574511849
2026-04-15,ARI incidence,2026-04-19,2,BG,quantile,0.6,895.5937349347946
2026-04-15,ARI incidence,2026-04-19,2,BG,quantile,0.65,930.1489607673498
2026-04-15,ARI incidence,2026-04-19,2,BG,quantile,0.7,966.8426569162141
2026-04-15,ARI incidence,2026-04-19,2,BG,quantile,0.75,1006.7531929419878
2026-04-15,ARI incidence,2026-04-19,2,BG,quantile,0.8,1051.5676248020752
2026-04-15,ARI incidence,2026-04-19,2,BG,quantile,0.85,1104.2862044801223
2026-04-15,ARI incidence,2026-04-19,2,BG,quantile,0.9,1171.3330360575274
2026-04-15,ARI incidence,2026-04-19,2,BG,quantile,0.95,1272.1164842884393
2026-04-15,ARI incidence,2026-04-19,2,BG,quantile,0.975,1360.8385462888718
2026-04-15,ARI incidence,2026-04-19,2,BG,quantile,0.99,1465.4570515224468
2026-04-15,ARI incidence,2026-04-19,2,CZ,quantile,0.01,467.0636700708349
2026-04-15,ARI incidence,2026-04-19,2,CZ,quantile,0.025,533.3210320069866
2026-04-15,ARI incidence,2026-04-19,2,CZ,quantile,0.05,591.8138516802868
2026-04-15,ARI incidence,2026-04-19,2,CZ,quantile,0.1,660.8752649464304
2026-04-15,ARI incidence,2026-04-19,2,CZ,quantile,0.15,708.4025379615764
2026-04-15,ARI incidence,2026-04-19,2,CZ,quantile,0.2,746.6888002582161
2026-04-15,ARI incidence,2026-04-19,2,CZ,quantile,0.25,779.8862397345166
2026-04-15,ARI incidence,2026-04-19,2,CZ,quantile,0.3,809.9682369900545
2026-04-15,ARI incidence,2026-04-19,2,CZ,quantile,0.35,838.0666603742868
2026-04-15,ARI incidence,2026-04-19,2,CZ,quantile,0.4,864.9238682896306
2026-04-15,ARI incidence,2026-04-19,2,CZ,quantile,0.45,891.0856819115274
2026-04-15,ARI incidence,2026-04-19,2,CZ,quantile,0.5,917.0000000000002
2026-04-15,ARI incidence,2026-04-19,2,CZ,quantile,0.55,943.0776287628878
2026-04-15,ARI incidence,2026-04-19,2,CZ,quantile,0.6,969.7400419422997
2026-04-15,ARI incidence,2026-04-19,2,CZ,quantile,0.65,997.4695025621214
2026-04-15,ARI incidence,2026-04-19,2,CZ,quantile,0.7,1026.8781455851972
2026-04-15,ARI incidence,2026-04-19,2,CZ,quantile,0.75,1058.8253318853465
2026-04-15,ARI incidence,2026-04-19,2,CZ,quantile,0.8,1094.6529411038616
2026-04-15,ARI incidence,2026-04-19,2,CZ,quantile,0.85,1136.744451394917
2026-04-15,ARI incidence,2026-04-19,2,CZ,quantile,0.9,1190.1990885290838
2026-04-15,ARI incidence,2026-04-19,2,CZ,quantile,0.95,1270.411613783626
2026-04-15,ARI incidence,2026-04-19,2,CZ,quantile,0.975,1340.9075627444156
2026-04-15,ARI incidence,2026-04-19,2,CZ,quantile,0.99,1423.9177573734446
2026-04-15,ARI incidence,2026-04-19,2,DE,quantile,0.01,444.36151578809313
2026-04-15,ARI incidence,2026-04-19,2,DE,quantile,0.025,531.1043306120552
2026-04-15,ARI incidence,2026-04-19,2,DE,quantile,0.05,613.6233655751632
2026-04-15,ARI incidence,2026-04-19,2,DE,quantile,0.1,718.2242460369596
2026-04-15,ARI incidence,2026-04-19,2,DE,quantile,0.15,794.7213615417463
2026-04-15,ARI incidence,2026-04-19,2,DE,quantile,0.2,859.0205606690436
2026-04-15,ARI incidence,2026-04-19,2,DE,quantile,0.25,916.706670330351
2026-04-15,ARI incidence,2026-04-19,2,DE,quantile,0.3,970.5303413574013
2026-04-15,ARI incidence,2026-04-19,2,DE,quantile,0.35,1022.1374264622133
2026-04-15,ARI incidence,2026-04-19,2,DE,quantile,0.4,1072.6681911736025
2026-04-15,ARI incidence,2026-04-19,2,DE,quantile,0.45,1123.0218167750363
2026-04-15,ARI incidence,2026-04-19,2,DE,quantile,0.5,1174
2026-04-15,ARI incidence,2026-04-19,2,DE,quantile,0.55,1226.4058441457694
2026-04-15,ARI incidence,2026-04-19,2,DE,quantile,0.6,1281.134735380735
2026-04-15,ARI incidence,2026-04-19,2,DE,quantile,0.65,1339.285526973664
2026-04-15,ARI incidence,2026-04-19,2,DE,quantile,0.7,1402.330351958575
2026-04-15,ARI incidence,2026-04-19,2,DE,quantile,0.75,1472.4190643180862
2026-04-15,ARI incidence,2026-04-19,2,DE,quantile,0.8,1553.0063310173
2026-04-15,ARI incidence,2026-04-19,2,DE,quantile,0.85,1650.366027704366
2026-04-15,ARI incidence,2026-04-19,2,DE,quantile,0.9,1778.190119969158
2026-04-15,ARI incidence,2026-04-19,2,DE,quantile,0.95,1978.7844771081627
2026-04-15,ARI incidence,2026-04-19,2,DE,quantile,0.975,2163.7948010977652
2026-04-15,ARI incidence,2026-04-19,2,DE,quantile,0.99,2392.114079361258
2026-04-15,ARI incidence,2026-04-19,2,EE,quantile,0.01,95.60653557539061
2026-04-15,ARI incidence,2026-04-19,2,EE,quantile,0.025,110.82307799586691
2026-04-15,ARI incidence,2026-04-19,2,EE,quantile,0.05,124.79662719960359
2026-04-15,ARI incidence,2026-04-19,2,EE,quantile,0.1,141.92300615183945
2026-04-15,ARI incidence,2026-04-19,2,EE,quantile,0.15,154.09188511998397
2026-04-15,ARI incidence,2026-04-19,2,EE,quantile,0.2,164.11565635407533
2026-04-15,ARI incidence,2026-04-19,2,EE,quantile,0.25,172.96364198423336
2026-04-15,ARI incidence,2026-04-19,2,EE,quantile,0.3,181.10484800604146
2026-04-15,ARI incidence,2026-04-19,2,EE,quantile,0.35,188.81388335057605
2026-04-15,ARI incidence,2026-04-19,2,EE,quantile,0.4,196.2756824199339
2026-04-15,ARI incidence,2026-04-19,2,EE,quantile,0.45,203.63094064169206
2026-04-15,ARI incidence,2026-04-19,2,EE,quantile,0.5,211
2026-04-15,ARI incidence,2026-04-19,2,EE,quantile,0.55,218.49837559048
2026-04-15,ARI incidence,2026-04-19,2,EE,quantile,0.6,226.2499503075183
2026-04-15,ARI incidence,2026-04-19,2,EE,quantile,0.65,234.40201205860836
2026-04-15,ARI incidence,2026-04-19,2,EE,quantile,0.7,243.14721538464437
2026-04-15,ARI incidence,2026-04-19,2,EE,quantile,0.75,252.76206266835737
2026-04-15,ARI incidence,2026-04-19,2,EE,quantile,0.8,263.68524882594875
2026-04-15,ARI incidence,2026-04-19,2,EE,quantile,0.85,276.7054668895228
2026-04-15,ARI incidence,2026-04-19,2,EE,quantile,0.9,293.52791165652854
2026-04-15,ARI incidence,2026-04-19,2,EE,quantile,0.95,319.3625777790249
2026-04-15,ARI incidence,2026-04-19,2,EE,quantile,0.975,342.64116728228817
2026-04-15,ARI incidence,2026-04-19,2,EE,quantile,0.99,370.7237464053919
2026-04-15,ARI incidence,2026-04-19,2,FI,quantile,0.01,1744.1763429630112
2026-04-15,ARI incidence,2026-04-19,2,FI,quantile,0.025,1860.4475189817763
2026-04-15,ARI incidence,2026-04-19,2,FI,quantile,0.05,1962.913882253608
2026-04-15,ARI incidence,2026-04-19,2,FI,quantile,0.1,2083.853149379136
2026-04-15,ARI incidence,2026-04-19,2,FI,quantile,0.15,2167.130925770787
2026-04-15,ARI incidence,2026-04-19,2,FI,quantile,0.2,2234.2760831961964
2026-04-15,ARI incidence,2026-04-19,2,FI,quantile,0.25,2292.553546948233
2026-04-15,ARI incidence,2026-04-19,2,FI,quantile,0.3,2345.415708394049
2026-04-15,ARI incidence,2026-04-19,2,FI,quantile,0.35,2394.8439207714914
2026-04-15,ARI incidence,2026-04-19,2,FI,quantile,0.4,2442.1395299461615
2026-04-15,ARI incidence,2026-04-19,2,FI,quantile,0.45,2488.2616462115843
2026-04-15,ARI incidence,2026-04-19,2,FI,quantile,0.5,2534
2026-04-15,ARI incidence,2026-04-19,2,FI,quantile,0.55,2580.0819679445876
2026-04-15,ARI incidence,2026-04-19,2,FI,quantile,0.6,2627.257173892628
2026-04-15,ARI incidence,2026-04-19,2,FI,quantile,0.65,2676.3869901361327
2026-04-15,ARI incidence,2026-04-19,2,FI,quantile,0.7,2728.5686781388413
2026-04-15,ARI incidence,2026-04-19,2,FI,quantile,0.75,2785.3470652638653
2026-04-15,ARI incidence,2026-04-19,2,FI,quantile,0.8,2849.1398550784656
2026-04-15,ARI incidence,2026-04-19,2,FI,quantile,0.85,2924.2496869128013
2026-04-15,ARI incidence,2026-04-19,2,FI,quantile,0.9,3019.898990657722
2026-04-15,ARI incidence,2026-04-19,2,FI,quantile,0.95,3163.9963749899816
2026-04-15,ARI incidence,2026-04-19,2,FI,quantile,0.975,3291.218063970481
2026-04-15,ARI incidence,2026-04-19,2,FI,quantile,0.99,3441.735838808756
2026-04-15,ARI incidence,2026-04-19,2,LT,quantile,0.01,382.8970955694793
2026-04-15,ARI incidence,2026-04-19,2,LT,quantile,0.025,423.67265138817993
2026-04-15,ARI incidence,2026-04-19,2,LT,quantile,0.05,462.19840619128416
2026-04-15,ARI incidence,2026-04-19,2,LT,quantile,0.1,510.9838000520238
2026-04-15,ARI incidence,2026-04-19,2,LT,quantile,0.15,546.7760279418723
2026-04-15,ARI incidence,2026-04-19,2,LT,quantile,0.2,577.0022527350866
2026-04-15,ARI incidence,2026-04-19,2,LT,quantile,0.25,604.261895796021
2026-04-15,ARI incidence,2026-04-19,2,LT,quantile,0.3,629.8377155713587
2026-04-15,ARI incidence,2026-04-19,2,LT,quantile,0.35,654.5028571515829
2026-04-15,ARI incidence,2026-04-19,2,LT,quantile,0.4,678.8002158919745
2026-04-15,ARI incidence,2026-04-19,2,LT,quantile,0.45,703.1663690566157
2026-04-15,ARI incidence,2026-04-19,2,LT,quantile,0.5,728
2026-04-15,ARI incidence,2026-04-19,2,LT,quantile,0.55,753.7106769071432
2026-04-15,ARI incidence,2026-04-19,2,LT,quantile,0.6,780.7658094268234
2026-04-15,ARI incidence,2026-04-19,2,LT,quantile,0.65,809.7504758138216
2026-04-15,ARI incidence,2026-04-19,2,LT,quantile,0.7,841.46120007949
2026-04-15,ARI incidence,2026-04-19,2,LT,quantile,0.75,877.0766511792516
2026-04-15,ARI incidence,2026-04-19,2,LT,quantile,0.8,918.5128783948204
2026-04-15,ARI incidence,2026-04-19,2,LT,quantile,0.85,969.2890194819267
2026-04-15,ARI incidence,2026-04-19,2,LT,quantile,0.9,1037.183566183589
2026-04-15,ARI incidence,2026-04-19,2,LT,quantile,0.95,1146.6590816859334
2026-04-15,ARI incidence,2026-04-19,2,LT,quantile,0.975,1250.9280414100056
2026-04-15,ARI incidence,2026-04-19,2,LT,quantile,0.99,1384.142126259171
2026-04-15,ARI incidence,2026-04-19,2,LV,quantile,0.01,774.3342652390394
2026-04-15,ARI incidence,2026-04-19,2,LV,quantile,0.025,841.4480466807701
2026-04-15,ARI incidence,2026-04-19,2,LV,quantile,0.05,902.4113041017954
2026-04-15,ARI incidence,2026-04-19,2,LV,quantile,0.1,976.5443375301826
2026-04-15,ARI incidence,2026-04-19,2,LV,quantile,0.15,1028.9568291936046
2026-04-15,ARI incidence,2026-04-19,2,LV,quantile,0.2,1072.0233779533883
2026-04-15,ARI incidence,2026-04-19,2,LV,quantile,0.25,1109.9848086742384
2026-04-15,ARI incidence,2026-04-19,2,LV,quantile,0.3,1144.8858565431635
2026-04-15,ARI incidence,2026-04-19,2,LV,quantile,0.35,1177.9208203700528
2026-04-15,ARI incidence,2026-04-19,2,LV,quantile,0.4,1209.8926676996132
2026-04-15,ARI incidence,2026-04-19,2,LV,quantile,0.45,1241.41173517104
2026-04-15,ARI incidence,2026-04-19,2,LV,quantile,0.5,1273.0000000000002
2026-04-15,ARI incidence,2026-04-19,2,LV,quantile,0.55,1305.1588018209911
2026-04-15,ARI incidence,2026-04-19,2,LV,quantile,0.6,1338.4264169610158
2026-04-15,ARI incidence,2026-04-19,2,LV,quantile,0.65,1373.4437681269842
2026-04-15,ARI incidence,2026-04-19,2,LV,quantile,0.7,1411.0505601435239
2026-04-15,ARI incidence,2026-04-19,2,LV,quantile,0.75,1452.4540018243624
2026-04-15,ARI incidence,2026-04-19,2,LV,quantile,0.8,1499.5728353110565
2026-04-15,ARI incidence,2026-04-19,2,LV,quantile,0.85,1555.8633806475207
2026-04-15,ARI incidence,2026-04-19,2,LV,quantile,0.9,1628.8162367264858
2026-04-15,ARI incidence,2026-04-19,2,LV,quantile,0.95,1741.3969608431685
2026-04-15,ARI incidence,2026-04-19,2,LV,quantile,0.975,1843.4572623488023
2026-04-15,ARI incidence,2026-04-19,2,LV,quantile,0.99,1967.4205551236555
2026-04-15,ARI incidence,2026-04-19,2,RO,quantile,0.01,358.0048248108778
2026-04-15,ARI incidence,2026-04-19,2,RO,quantile,0.025,409.733492667645
2026-04-15,ARI incidence,2026-04-19,2,RO,quantile,0.05,455.4859528574188
2026-04-15,ARI incidence,2026-04-19,2,RO,quantile,0.1,509.597268242301
2026-04-15,ARI incidence,2026-04-19,2,RO,quantile,0.15,546.8888422142973
2026-04-15,ARI incidence,2026-04-19,2,RO,quantile,0.2,576.9585780958149
2026-04-15,ARI incidence,2026-04-19,2,RO,quantile,0.25,603.0514076076463
2026-04-15,ARI incidence,2026-04-19,2,RO,quantile,0.3,626.7107363231116
2026-04-15,ARI incidence,2026-04-19,2,RO,quantile,0.35,648.8225596699297
2026-04-15,ARI incidence,2026-04-19,2,RO,quantile,0.4,669.9685790632996
2026-04-15,ARI incidence,2026-04-19,2,RO,quantile,0.45,690.5770584284238
2026-04-15,ARI incidence,2026-04-19,2,RO,quantile,0.5,711.0000000000003
2026-04-15,ARI incidence,2026-04-19,2,RO,quantile,0.55,731.5608437669839
2026-04-15,ARI incidence,2026-04-19,2,RO,quantile,0.6,752.5920343909556
2026-04-15,ARI incidence,2026-04-19,2,RO,quantile,0.65,774.4745812438334
2026-04-15,ARI incidence,2026-04-19,2,RO,quantile,0.7,797.6927226348475
2026-04-15,ARI incidence,2026-04-19,2,RO,quantile,0.75,822.9269154987209
2026-04-15,ARI incidence,2026-04-19,2,RO,quantile,0.8,851.2404034983381
2026-04-15,ARI incidence,2026-04-19,2,RO,quantile,0.85,884.5226822949714
2026-04-15,ARI incidence,2026-04-19,2,RO,quantile,0.9,926.8178118905528
2026-04-15,ARI incidence,2026-04-19,2,RO,quantile,0.95,990.3403992932209
2026-04-15,ARI incidence,2026-04-19,2,RO,quantile,0.975,1046.2204058218265
2026-04-15,ARI incidence,2026-04-19,2,RO,quantile,0.99,1112.0791346920776
2026-04-15,ARI incidence,2026-04-19,2,SI,quantile,0.01,524.079692444896
2026-04-15,ARI incidence,2026-04-19,2,SI,quantile,0.025,617.3231456036413
2026-04-15,ARI incidence,2026-04-19,2,SI,quantile,0.05,704.0573488653739
2026-04-15,ARI incidence,2026-04-19,2,SI,quantile,0.1,811.6348902055956
2026-04-15,ARI incidence,2026-04-19,2,SI,quantile,0.15,888.8395847987941
2026-04-15,ARI incidence,2026-04-19,2,SI,quantile,0.2,952.8736251653418
2026-04-15,ARI incidence,2026-04-19,2,SI,quantile,0.25,1009.705760578476
2026-04-15,ARI incidence,2026-04-19,2,SI,quantile,0.3,1062.241435773884
2026-04-15,ARI incidence,2026-04-19,2,SI,quantile,0.35,1112.19382933938
2026-04-15,ARI incidence,2026-04-19,2,SI,quantile,0.4,1160.7270935288423
2026-04-15,ARI incidence,2026-04-19,2,SI,quantile,0.45,1208.7370072356923
2026-04-15,ARI incidence,2026-04-19,2,SI,quantile,0.5,1257.0000000000007
2026-04-15,ARI incidence,2026-04-19,2,SI,quantile,0.55,1306.271779233523
2026-04-15,ARI incidence,2026-04-19,2,SI,quantile,0.6,1357.373278614284
2026-04-15,ARI incidence,2026-04-19,2,SI,quantile,0.65,1411.2909625868458
2026-04-15,ARI incidence,2026-04-19,2,SI,quantile,0.7,1469.3255903651266
2026-04-15,ARI incidence,2026-04-19,2,SI,quantile,0.75,1533.3549476671774
2026-04-15,ARI incidence,2026-04-19,2,SI,quantile,0.8,1606.3708457947948
2026-04-15,ARI incidence,2026-04-19,2,SI,quantile,0.85,1693.769426183705
2026-04-15,ARI incidence,2026-04-19,2,SI,quantile,0.9,1807.2511989640134
2026-04-15,ARI incidence,2026-04-19,2,SI,quantile,0.95,1982.685906435304
2026-04-15,ARI incidence,2026-04-19,2,SI,quantile,0.975,2141.8855860141675
2026-04-15,ARI incidence,2026-04-19,2,SI,quantile,0.99,2335.254636877602
2026-04-15,ARI incidence,2026-04-26,3,BG,quantile,0.01,280.476645247496
2026-04-15,ARI incidence,2026-04-26,3,BG,quantile,0.025,357.827641386831
2026-04-15,ARI incidence,2026-04-26,3,BG,quantile,0.05,428.40245042474544
2026-04-15,ARI incidence,2026-04-26,3,BG,quantile,0.1,514.0282599989968
2026-04-15,ARI incidence,2026-04-26,3,BG,quantile,0.15,574.2059490643392
2026-04-15,ARI incidence,2026-04-26,3,BG,quantile,0.2,623.3436448451544
2026-04-15,ARI incidence,2026-04-26,3,BG,quantile,0.25,666.3902050809304
2026-04-15,ARI incidence,2026-04-26,3,BG,quantile,0.3,705.727783878706
2026-04-15,ARI incidence,2026-04-26,3,BG,quantile,0.35,742.7402289103699
2026-04-15,ARI incidence,2026-04-26,3,BG,quantile,0.4,778.3486652924686
2026-04-15,ARI incidence,2026-04-26,3,BG,quantile,0.45,813.2426160119337
2026-04-15,ARI incidence,2026-04-26,3,BG,quantile,0.5,848
2026-04-15,ARI incidence,2026-04-26,3,BG,quantile,0.55,883.1631851572614
2026-04-15,ARI incidence,2026-04-26,3,BG,quantile,0.6,919.3011566096868
2026-04-15,ARI incidence,2026-04-26,3,BG,quantile,0.65,957.0775929639244
2026-04-15,ARI incidence,2026-04-26,3,BG,quantile,0.7,997.3475706211206
2026-04-15,ARI incidence,2026-04-26,3,BG,quantile,0.75,1041.3244797991938
2026-04-15,ARI incidence,2026-04-26,3,BG,quantile,0.8,1090.9171919040755
2026-04-15,ARI incidence,2026-04-26,3,BG,quantile,0.85,1149.5342699682437
2026-04-15,ARI incidence,2026-04-26,3,BG,quantile,0.9,1224.4988047246295
2026-04-15,ARI incidence,2026-04-26,3,BG,quantile,0.95,1338.0164742730667
2026-04-15,ARI incidence,2026-04-26,3,BG,quantile,0.975,1438.730860684721
2026-04-15,ARI incidence,2026-04-26,3,BG,quantile,0.99,1558.3758559837909
2026-04-15,ARI incidence,2026-04-26,3,CZ,quantile,0.01,429.37159309711365
2026-04-15,ARI incidence,2026-04-26,3,CZ,quantile,0.025,496.0730376808372
2026-04-15,ARI incidence,2026-04-26,3,CZ,quantile,0.05,556.8984136609917
2026-04-15,ARI incidence,2026-04-26,3,CZ,quantile,0.1,630.9469235129087
2026-04-15,ARI incidence,2026-04-26,3,CZ,quantile,0.15,683.255361462402
2026-04-15,ARI incidence,2026-04-26,3,CZ,quantile,0.2,726.1665825111444
2026-04-15,ARI incidence,2026-04-26,3,CZ,quantile,0.25,763.9193255332738
2026-04-15,ARI incidence,2026-04-26,3,CZ,quantile,0.3,798.5576245938522
2026-04-15,ARI incidence,2026-04-26,3,CZ,quantile,0.35,831.2734889762653
2026-04-15,ARI incidence,2026-04-26,3,CZ,quantile,0.4,862.8654683582995
2026-04-15,ARI incidence,2026-04-26,3,CZ,quantile,0.45,893.9369851230665
2026-04-15,ARI incidence,2026-04-26,3,CZ,quantile,0.5,924.9999999999997
2026-04-15,ARI incidence,2026-04-26,3,CZ,quantile,0.55,956.5416865227277
2026-04-15,ARI incidence,2026-04-26,3,CZ,quantile,0.6,989.0802234446235
2026-04-15,ARI incidence,2026-04-26,3,CZ,quantile,0.65,1023.2274181759224
2026-04-15,ARI incidence,2026-04-26,3,CZ,quantile,0.7,1059.7792401329864
2026-04-15,ARI incidence,2026-04-26,3,CZ,quantile,0.75,1099.8736080739006
2026-04-15,ARI incidence,2026-04-26,3,CZ,quantile,0.8,1145.310772183026
2026-04-15,ARI incidence,2026-04-26,3,CZ,quantile,0.85,1199.320078792179
2026-04-15,ARI incidence,2026-04-26,3,CZ,quantile,0.9,1268.8695988600882
2026-04-15,ARI incidence,2026-04-26,3,CZ,quantile,0.95,1375.199584859785
2026-04-15,ARI incidence,2026-04-26,3,CZ,quantile,0.975,1470.5448751353833
2026-04-15,ARI incidence,2026-04-26,3,CZ,quantile,0.99,1585.0224989943792
2026-04-15,ARI incidence,2026-04-26,3,DE,quantile,0.01,401.9021311774343
2026-04-15,ARI incidence,2026-04-26,3,DE,quantile,0.025,499.59306110893084
2026-04-15,ARI incidence,2026-04-26,3,DE,quantile,0.05,593.8708328286863
2026-04-15,ARI incidence,2026-04-26,3,DE,quantile,0.1,714.7676382689267
2026-04-15,ARI incidence,2026-04-26,3,DE,quantile,0.15,803.9384612548803
2026-04-15,ARI incidence,2026-04-26,3,DE,quantile,0.2,879.2840380363456
2026-04-15,ARI incidence,2026-04-26,3,DE,quantile,0.25,947.138153557323
2026-04-15,ARI incidence,2026-04-26,3,DE,quantile,0.3,1010.6392386878881
2026-04-15,ARI incidence,2026-04-26,3,DE,quantile,0.35,1071.6767220721408
2026-04-15,ARI incidence,2026-04-26,3,DE,quantile,0.4,1131.5686855479623
2026-04-15,ARI incidence,2026-04-26,3,DE,quantile,0.45,1191.3626124800223
2026-04-15,ARI incidence,2026-04-26,3,DE,quantile,0.5,1252
2026-04-15,ARI incidence,2026-04-26,3,DE,quantile,0.55,1314.4311499875678
2026-04-15,ARI incidence,2026-04-26,3,DE,quantile,0.6,1379.7222353667394
2026-04-15,ARI incidence,2026-04-26,3,DE,quantile,0.65,1449.1878556370787
2026-04-15,ARI incidence,2026-04-26,3,DE,quantile,0.7,1524.5948407234912
2026-04-15,ARI incidence,2026-04-26,3,DE,quantile,0.75,1608.528718414573
2026-04-15,ARI incidence,2026-04-26,3,DE,quantile,0.8,1705.1494595612346
2026-04-15,ARI incidence,2026-04-26,3,DE,quantile,0.85,1822.01738565784
2026-04-15,ARI incidence,2026-04-26,3,DE,quantile,0.9,1975.6390546556875
2026-04-15,ARI incidence,2026-04-26,3,DE,quantile,0.95,2217.0300803710047
2026-04-15,ARI incidence,2026-04-26,3,DE,quantile,0.975,2439.8939643057156
2026-04-15,ARI incidence,2026-04-26,3,DE,quantile,0.99,2715.0953938865864
2026-04-15,ARI incidence,2026-04-26,3,EE,quantile,0.01,111.76960848490732
2026-04-15,ARI incidence,2026-04-26,3,EE,quantile,0.025,124.52636147492134
2026-04-15,ARI incidence,2026-04-26,3,EE,quantile,0.05,136.65646977470516
2026-04-15,ARI incidence,2026-04-26,3,EE,quantile,0.1,152.1153189564799
2026-04-15,ARI incidence,2026-04-26,3,EE,quantile,0.15,163.52160011522759
2026-04-15,ARI incidence,2026-04-26,3,EE,quantile,0.2,173.1938961021526
2026-04-15,ARI incidence,2026-04-26,3,EE,quantile,0.25,181.94656261877816
2026-04-15,ARI incidence,2026-04-26,3,EE,quantile,0.3,190.18306412319774
2026-04-15,ARI incidence,2026-04-26,3,EE,quantile,0.35,198.1478817151951
2026-04-15,ARI incidence,2026-04-26,3,EE,quantile,0.4,206.01393045273448
2026-04-15,ARI incidence,2026-04-26,3,EE,quantile,0.45,213.9215098112297
2026-04-15,ARI incidence,2026-04-26,3,EE,quantile,0.5,221.99999999999997
2026-04-15,ARI incidence,2026-04-26,3,EE,quantile,0.55,230.38356471721596
2026-04-15,ARI incidence,2026-04-26,3,EE,quantile,0.6,239.22654109697282
2026-04-15,ARI incidence,2026-04-26,3,EE,quantile,0.65,248.72332509129524
2026-04-15,ARI incidence,2026-04-26,3,EE,quantile,0.7,259.1397936888563
2026-04-15,ARI incidence,2026-04-26,3,EE,quantile,0.75,270.8707396866949
2026-04-15,ARI incidence,2026-04-26,3,EE,quantile,0.8,284.55968200479464
2026-04-15,ARI incidence,2026-04-26,3,EE,quantile,0.85,301.3913756058612
2026-04-15,ARI incidence,2026-04-26,3,EE,quantile,0.9,323.99103744508534
2026-04-15,ARI incidence,2026-04-26,3,EE,quantile,0.95,360.64154211835466
2026-04-15,ARI incidence,2026-04-26,3,EE,quantile,0.975,395.771621496589
2026-04-15,ARI incidence,2026-04-26,3,EE,quantile,0.99,440.94276313632247
2026-04-15,ARI incidence,2026-04-26,3,FI,quantile,0.01,988.5773715971756
2026-04-15,ARI incidence,2026-04-26,3,FI,quantile,0.025,1222.7284386747874
2026-04-15,ARI incidence,2026-04-26,3,FI,quantile,0.05,1429.4227719296762
2026-04-15,ARI incidence,2026-04-26,3,FI,quantile,0.1,1673.1113236906995
2026-04-15,ARI incidence,2026-04-26,3,FI,quantile,0.15,1840.4843274410182
2026-04-15,ARI incidence,2026-04-26,3,FI,quantile,0.2,1975.0822249215703
2026-04-15,ARI incidence,2026-04-26,3,FI,quantile,0.25,2091.6097255842574
2026-04-15,ARI incidence,2026-04-26,3,FI,quantile,0.3,2197.0507820046014
2026-04-15,ARI incidence,2026-04-26,3,FI,quantile,0.35,2295.406209905505
2026-04-15,ARI incidence,2026-04-26,3,FI,quantile,0.4,2389.294785451687
2026-04-15,ARI incidence,2026-04-26,3,FI,quantile,0.45,2480.636311687071
2026-04-15,ARI incidence,2026-04-26,3,FI,quantile,0.5,2571.000000000001
2026-04-15,ARI incidence,2026-04-26,3,FI,quantile,0.55,2661.818422408001
2026-04-15,ARI incidence,2026-04-26,3,FI,quantile,0.6,2754.5542322969814
2026-04-15,ARI incidence,2026-04-26,3,FI,quantile,0.65,2850.873596265969
2026-04-15,ARI incidence,2026-04-26,3,FI,quantile,0.7,2952.8836178289193
2026-04-15,ARI incidence,2026-04-26,3,FI,quantile,0.75,3063.534101416356
2026-04-15,ARI incidence,2026-04-26,3,FI,quantile,0.8,3187.421470560988
2026-04-15,ARI incidence,2026-04-26,3,FI,quantile,0.85,3332.696664570457
2026-04-15,ARI incidence,2026-04-26,3,FI,quantile,0.9,3516.772426141644
2026-04-15,ARI incidence,2026-04-26,3,FI,quantile,0.95,3792.129828433747
2026-04-15,ARI incidence,2026-04-26,3,FI,quantile,0.975,4033.298665191573
2026-04-15,ARI incidence,2026-04-26,3,FI,quantile,0.99,4316.309618634581
2026-04-15,ARI incidence,2026-04-26,3,LT,quantile,0.01,343.2954065931638
2026-04-15,ARI incidence,2026-04-26,3,LT,quantile,0.025,388.0127267105472
2026-04-15,ARI incidence,2026-04-26,3,LT,quantile,0.05,431.103913618959
2026-04-15,ARI incidence,2026-04-26,3,LT,quantile,0.1,486.7574849374509
2026-04-15,ARI incidence,2026-04-26,3,LT,quantile,0.15,528.3111458847275
2026-04-15,ARI incidence,2026-04-26,3,LT,quantile,0.2,563.852294481503
2026-04-15,ARI incidence,2026-04-26,3,LT,quantile,0.25,596.2429830090318
2026-04-15,ARI incidence,2026-04-26,3,LT,quantile,0.3,626.9135416728526
2026-04-15,ARI incidence,2026-04-26,3,LT,quantile,0.35,656.7409792585523
2026-04-15,ARI incidence,2026-04-26,3,LT,quantile,0.4,686.3554676162601
2026-04-15,ARI incidence,2026-04-26,3,LT,quantile,0.45,716.278250140071
2026-04-15,ARI incidence,2026-04-26,3,LT,quantile,0.5,747.0000000000001
2026-04-15,ARI incidence,2026-04-26,3,LT,quantile,0.55,779.039430404147
2026-04-15,ARI incidence,2026-04-26,3,LT,quantile,0.6,813.0029209761926
2026-04-15,ARI incidence,2026-04-26,3,LT,quantile,0.65,849.6637451038631
2026-04-15,ARI incidence,2026-04-26,3,LT,quantile,0.7,890.08924342424
2026-04-15,ARI incidence,2026-04-26,3,LT,quantile,0.75,935.8751648261282
2026-04-15,ARI incidence,2026-04-26,3,LT,quantile,0.8,989.6368347904372
2026-04-15,ARI incidence,2026-04-26,3,LT,quantile,0.85,1056.2128100961029
2026-04-15,ARI incidence,2026-04-26,3,LT,quantile,0.9,1146.3799063546091
2026-04-15,ARI incidence,2026-04-26,3,LT,quantile,0.95,1294.3723830194883
2026-04-15,ARI incidence,2026-04-26,3,LT,quantile,0.975,1438.1203542745338
2026-04-15,ARI incidence,2026-04-26,3,LT,quantile,0.99,1625.448489211192
2026-04-15,ARI incidence,2026-04-26,3,LV,quantile,0.01,765.6711661606901
2026-04-15,ARI incidence,2026-04-26,3,LV,quantile,0.025,836.6173101626665
2026-04-15,ARI incidence,2026-04-26,3,LV,quantile,0.05,902.8709615896532
2026-04-15,ARI incidence,2026-04-26,3,LV,quantile,0.1,985.7948094410863
2026-04-15,ARI incidence,2026-04-26,3,LV,quantile,0.15,1046.004290409168
2026-04-15,ARI incidence,2026-04-26,3,LV,quantile,0.2,1096.468896653144
2026-04-15,ARI incidence,2026-04-26,3,LV,quantile,0.25,1141.698999634202
2026-04-15,ARI incidence,2026-04-26,3,LV,quantile,0.3,1183.904921657011
2026-04-15,ARI incidence,2026-04-26,3,LV,quantile,0.35,1224.4065334558393
2026-04-15,ARI incidence,2026-04-26,3,LV,quantile,0.4,1264.1190399675645
2026-04-15,ARI incidence,2026-04-26,3,LV,quantile,0.45,1303.76687162667
2026-04-15,ARI incidence,2026-04-26,3,LV,quantile,0.5,1344.0000000000002
2026-04-15,ARI incidence,2026-04-26,3,LV,quantile,0.55,1385.4746882364716
2026-04-15,ARI incidence,2026-04-26,3,LV,quantile,0.6,1428.9287186484814
2026-04-15,ARI incidence,2026-04-26,3,LV,quantile,0.65,1475.2747152546533
2026-04-15,ARI incidence,2026-04-26,3,LV,quantile,0.7,1525.7441429264654
2026-04-15,ARI incidence,2026-04-26,3,LV,quantile,0.75,1582.1473090356976
2026-04-15,ARI incidence,2026-04-26,3,LV,quantile,0.8,1647.4119836081545
2026-04-15,ARI incidence,2026-04-26,3,LV,quantile,0.85,1726.8915783255643
2026-04-15,ARI incidence,2026-04-26,3,LV,quantile,0.9,1832.3650953529918
2026-04-15,ARI incidence,2026-04-26,3,LV,quantile,0.95,2000.6579864077657
2026-04-15,ARI incidence,2026-04-26,3,LV,quantile,0.975,2159.0946996408525
2026-04-15,ARI incidence,2026-04-26,3,LV,quantile,0.99,2359.1537461930593
2026-04-15,ARI incidence,2026-04-26,3,RO,quantile,0.01,310.53114016517276
2026-04-15,ARI incidence,2026-04-26,3,RO,quantile,0.025,375.08598164209394
2026-04-15,ARI incidence,2026-04-26,3,RO,quantile,0.05,430.6972231536045
2026-04-15,ARI incidence,2026-04-26,3,RO,quantile,0.1,494.9027518468849
2026-04-15,ARI incidence,2026-04-26,3,RO,quantile,0.15,538.2700046844016
2026-04-15,ARI incidence,2026-04-26,3,RO,quantile,0.2,572.7621298507889
2026-04-15,ARI incidence,2026-04-26,3,RO,quantile,0.25,602.3699939033257
2026-04-15,ARI incidence,2026-04-26,3,RO,quantile,0.3,628.9712589825835
2026-04-15,ARI incidence,2026-04-26,3,RO,quantile,0.35,653.6313996968443
2026-04-15,ARI incidence,2026-04-26,3,RO,quantile,0.4,677.0401128388338
2026-04-15,ARI incidence,2026-04-26,3,RO,quantile,0.45,699.6960578826181
2026-04-15,ARI incidence,2026-04-26,3,RO,quantile,0.5,722.0000000000002
2026-04-15,ARI incidence,2026-04-26,3,RO,quantile,0.55,744.3108656353241
2026-04-15,ARI incidence,2026-04-26,3,RO,quantile,0.6,766.988042449178
2026-04-15,ARI incidence,2026-04-26,3,RO,quantile,0.65,790.4337825959967
2026-04-15,ARI incidence,2026-04-26,3,RO,quantile,0.7,815.1496198649332
2026-04-15,ARI incidence,2026-04-26,3,RO,quantile,0.75,841.8303357712286
2026-04-15,ARI incidence,2026-04-26,3,RO,quantile,0.8,871.5505658961666
2026-04-15,ARI incidence,2026-04-26,3,RO,quantile,0.85,906.2059550221078
2026-04-15,ARI incidence,2026-04-26,3,RO,quantile,0.9,949.8292108013553
2026-04-15,ARI incidence,2026-04-26,3,RO,quantile,0.95,1014.522232848997
2026-04-15,ARI incidence,2026-04-26,3,RO,quantile,0.975,1070.667469801941
2026-04-15,ARI incidence,2026-04-26,3,RO,quantile,0.99,1135.9855572530962
2026-04-15,ARI incidence,2026-04-26,3,SI,quantile,0.01,513.2105500096783
2026-04-15,ARI incidence,2026-04-26,3,SI,quantile,0.025,591.0456997565319
2026-04-15,ARI incidence,2026-04-26,3,SI,quantile,0.05,667.36643995431
2026-04-15,ARI incidence,2026-04-26,3,SI,quantile,0.1,767.6690155621678
2026-04-15,ARI incidence,2026-04-26,3,SI,quantile,0.15,843.727089853729
2026-04-15,ARI incidence,2026-04-26,3,SI,quantile,0.2,909.5147200504562
2026-04-15,ARI incidence,2026-04-26,3,SI,quantile,0.25,970.0279964755671
2026-04-15,ARI incidence,2026-04-26,3,SI,quantile,0.3,1027.7944477389974
2026-04-15,ARI incidence,2026-04-26,3,SI,quantile,0.35,1084.3900967179584
2026-04-15,ARI incidence,2026-04-26,3,SI,quantile,0.4,1140.972819307584
2026-04-15,ARI incidence,2026-04-26,3,SI,quantile,0.45,1198.5258160493436
2026-04-15,ARI incidence,2026-04-26,3,SI,quantile,0.5,1257.9999999999995
2026-04-15,ARI incidence,2026-04-26,3,SI,quantile,0.55,1320.4254583489458
2026-04-15,ARI incidence,2026-04-26,3,SI,quantile,0.6,1387.0304123111373
2026-04-15,ARI incidence,2026-04-26,3,SI,quantile,0.65,1459.404696510809
2026-04-15,ARI incidence,2026-04-26,3,SI,quantile,0.7,1539.7670258692447
2026-04-15,ARI incidence,2026-04-26,3,SI,quantile,0.75,1631.4621905243744
2026-04-15,ARI incidence,2026-04-26,3,SI,quantile,0.8,1740.0092215244242
2026-04-15,ARI incidence,2026-04-26,3,SI,quantile,0.85,1875.6823373709108
2026-04-15,ARI incidence,2026-04-26,3,SI,quantile,0.9,2061.518659628433
2026-04-15,ARI incidence,2026-04-26,3,SI,quantile,0.95,2371.356881698074
2026-04-15,ARI incidence,2026-04-26,3,SI,quantile,0.975,2677.5662197557667
2026-04-15,ARI incidence,2026-04-26,3,SI,quantile,0.99,3083.654457162178
2026-04-15,ARI incidence,2026-05-03,4,BG,quantile,0.01,224.8734488040622
2026-04-15,ARI incidence,2026-05-03,4,BG,quantile,0.025,310.20974336761867
2026-04-15,ARI incidence,2026-05-03,4,BG,quantile,0.05,388.7200199396046
2026-04-15,ARI incidence,2026-05-03,4,BG,quantile,0.1,484.4134890712601
2026-04-15,ARI incidence,2026-05-03,4,BG,quantile,0.15,551.8262871204912
2026-04-15,ARI incidence,2026-05-03,4,BG,quantile,0.2,606.9257720018244
2026-04-15,ARI incidence,2026-05-03,4,BG,quantile,0.25,655.2180588553595
2026-04-15,ARI incidence,2026-05-03,4,BG,quantile,0.3,699.3592398494178
2026-04-15,ARI incidence,2026-05-03,4,BG,quantile,0.35,740.8944434349345
2026-04-15,ARI incidence,2026-05-03,4,BG,quantile,0.4,780.8530871595616
2026-04-15,ARI incidence,2026-05-03,4,BG,quantile,0.45,820.0061659585924
2026-04-15,ARI incidence,2026-05-03,4,BG,quantile,0.5,858.9999999999997
2026-04-15,ARI incidence,2026-05-03,4,BG,quantile,0.55,898.4410747671984
2026-04-15,ARI incidence,2026-05-03,4,BG,quantile,0.6,938.9654190710602
2026-04-15,ARI incidence,2026-05-03,4,BG,quantile,0.65,981.3145696975974
2026-04-15,ARI incidence,2026-05-03,4,BG,quantile,0.7,1026.4434462380814
2026-04-15,ARI incidence,2026-05-03,4,BG,quantile,0.75,1075.7064825167472
2026-04-15,ARI incidence,2026-05-03,4,BG,quantile,0.8,1131.233486861872
2026-04-15,ARI incidence,2026-05-03,4,BG,quantile,0.85,1196.8258500766656
2026-04-15,ARI incidence,2026-05-03,4,BG,quantile,0.9,1280.6465965283169
2026-04-15,ARI incidence,2026-05-03,4,BG,quantile,0.95,1407.4317964758889
2026-04-15,ARI incidence,2026-05-03,4,BG,quantile,0.975,1519.7689615939742
2026-04-15,ARI incidence,2026-05-03,4,BG,quantile,0.99,1653.0380104718952
2026-04-15,ARI incidence,2026-05-03,4,CZ,quantile,0.01,437.22878300769884
2026-04-15,ARI incidence,2026-05-03,4,CZ,quantile,0.025,498.14774451960204
2026-04-15,ARI incidence,2026-05-03,4,CZ,quantile,0.05,555.4595279176875
2026-04-15,ARI incidence,2026-05-03,4,CZ,quantile,0.1,627.5330969338816
2026-04-15,ARI incidence,2026-05-03,4,CZ,quantile,0.15,679.9830199067358
2026-04-15,ARI incidence,2026-05-03,4,CZ,quantile,0.2,723.9642029661336
2026-04-15,ARI incidence,2026-05-03,4,CZ,quantile,0.25,763.3704199433408
2026-04-15,ARI incidence,2026-05-03,4,CZ,quantile,0.3,800.1125574738273
2026-04-15,ARI incidence,2026-05-03,4,CZ,quantile,0.35,835.3312074793386
2026-04-15,ARI incidence,2026-05-03,4,CZ,quantile,0.4,869.8153695709769
2026-04-15,ARI incidence,2026-05-03,4,CZ,quantile,0.45,904.1868128501962
2026-04-15,ARI incidence,2026-05-03,4,CZ,quantile,0.5,939.0000000000002
2026-04-15,ARI incidence,2026-05-03,4,CZ,quantile,0.55,974.810866768467
2026-04-15,ARI incidence,2026-05-03,4,CZ,quantile,0.6,1012.2400856946516
2026-04-15,ARI incidence,2026-05-03,4,CZ,quantile,0.65,1052.050606177592
2026-04-15,ARI incidence,2026-05-03,4,CZ,quantile,0.7,1095.2663021116466
2026-04-15,ARI incidence,2026-05-03,4,CZ,quantile,0.75,1143.3850384315692
2026-04-15,ARI incidence,2026-05-03,4,CZ,quantile,0.8,1198.8182501786614
2026-04-15,ARI incidence,2026-05-03,4,CZ,quantile,0.85,1265.9543548446711
2026-04-15,ARI incidence,2026-05-03,4,CZ,quantile,0.9,1354.395064065964
2026-04-15,ARI incidence,2026-05-03,4,CZ,quantile,0.95,1493.918507344932
2026-04-15,ARI incidence,2026-05-03,4,CZ,quantile,0.975,1623.4459176667021
2026-04-15,ARI incidence,2026-05-03,4,CZ,quantile,0.99,1784.4612204750217
2026-04-15,ARI incidence,2026-05-03,4,DE,quantile,0.01,420.5035153179502
2026-04-15,ARI incidence,2026-05-03,4,DE,quantile,0.025,515.1346809134827
2026-04-15,ARI incidence,2026-05-03,4,DE,quantile,0.05,608.1806463555711
2026-04-15,ARI incidence,2026-05-03,4,DE,quantile,0.1,730.0063746095786
2026-04-15,ARI incidence,2026-05-03,4,DE,quantile,0.15,821.6505545969031
2026-04-15,ARI incidence,2026-05-03,4,DE,quantile,0.2,900.2472946062306
2026-04-15,ARI incidence,2026-05-03,4,DE,quantile,0.25,971.9227646311089
2026-04-15,ARI incidence,2026-05-03,4,DE,quantile,0.3,1039.7534595391219
2026-04-15,ARI incidence,2026-05-03,4,DE,quantile,0.35,1105.6275318563457
2026-04-15,ARI incidence,2026-05-03,4,DE,quantile,0.4,1170.8978390929105
2026-04-15,ARI incidence,2026-05-03,4,DE,quantile,0.45,1236.6762402070797
2026-04-15,ARI incidence,2026-05-03,4,DE,quantile,0.5,1304
2026-04-15,ARI incidence,2026-05-03,4,DE,quantile,0.55,1373.954593427341
2026-04-15,ARI incidence,2026-05-03,4,DE,quantile,0.6,1447.7963491356693
2026-04-15,ARI incidence,2026-05-03,4,DE,quantile,0.65,1527.1127889894847
2026-04-15,ARI incidence,2026-05-03,4,DE,quantile,0.7,1614.0771131236265
2026-04-15,ARI incidence,2026-05-03,4,DE,quantile,0.75,1711.9133937094093
2026-04-15,ARI incidence,2026-05-03,4,DE,quantile,0.8,1825.8649477993927
2026-04-15,ARI incidence,2026-05-03,4,DE,quantile,0.85,1965.5504975519675
2026-04-15,ARI incidence,2026-05-03,4,DE,quantile,0.9,2152.1728407108403
2026-04-15,ARI incidence,2026-05-03,4,DE,quantile,0.95,2452.0775223804453
2026-04-15,ARI incidence,2026-05-03,4,DE,quantile,0.975,2735.9024163099252
2026-04-15,ARI incidence,2026-05-03,4,DE,quantile,0.99,3095.16793947858
2026-04-15,ARI incidence,2026-05-03,4,EE,quantile,0.01,108.5911107692597
2026-04-15,ARI incidence,2026-05-03,4,EE,quantile,0.025,122.95664509486147
2026-04-15,ARI incidence,2026-05-03,4,EE,quantile,0.05,136.8228488244817
2026-04-15,ARI incidence,2026-05-03,4,EE,quantile,0.1,154.76134451575618
2026-04-15,ARI incidence,2026-05-03,4,EE,quantile,0.15,168.1749464247708
2026-04-15,ARI incidence,2026-05-03,4,EE,quantile,0.2,179.66003626531776
2026-04-15,ARI incidence,2026-05-03,4,EE,quantile,0.25,190.13633008514822
2026-04-15,ARI incidence,2026-05-03,4,EE,quantile,0.3,200.06397909804338
2026-04-15,ARI incidence,2026-05-03,4,EE,quantile,0.35,209.72555997028292
2026-04-15,ARI incidence,2026-05-03,4,EE,quantile,0.4,219.32453361926875
2026-04-15,ARI incidence,2026-05-03,4,EE,quantile,0.45,229.029606100073
2026-04-15,ARI incidence,2026-05-03,4,EE,quantile,0.5,239.00000000000009
2026-04-15,ARI incidence,2026-05-03,4,EE,quantile,0.55,249.40443714967307
2026-04-15,ARI incidence,2026-05-03,4,EE,quantile,0.6,260.44054013199406
2026-04-15,ARI incidence,2026-05-03,4,EE,quantile,0.65,272.3606984675297
2026-04-15,ARI incidence,2026-05-03,4,EE,quantile,0.7,285.51366546602236
2026-04-15,ARI incidence,2026-05-03,4,EE,quantile,0.75,300.42128179511883
2026-04-15,ARI incidence,2026-05-03,4,EE,quantile,0.8,317.9393769889096
2026-04-15,ARI incidence,2026-05-03,4,EE,quantile,0.85,339.6522562625094
2026-04-15,ARI incidence,2026-05-03,4,EE,quantile,0.9,369.09087458971106
2026-04-15,ARI incidence,2026-05-03,4,EE,quantile,0.95,417.481440349745
2026-04-15,ARI incidence,2026-05-03,4,EE,quantile,0.975,464.56212233125746
2026-04-15,ARI incidence,2026-05-03,4,EE,quantile,0.99,526.0191151499854
2026-04-15,ARI incidence,2026-05-03,4,FI,quantile,0.01,1164.189252333307
2026-04-15,ARI incidence,2026-05-03,4,FI,quantile,0.025,1362.41660705798
2026-04-15,ARI incidence,2026-05-03,4,FI,quantile,0.05,1545.2290460615984
2026-04-15,ARI incidence,2026-05-03,4,FI,quantile,0.1,1770.1272148366818
2026-04-15,ARI incidence,2026-05-03,4,FI,quantile,0.15,1930.403221708565
2026-04-15,ARI incidence,2026-05-03,4,FI,quantile,0.2,2062.687556352082
2026-04-15,ARI incidence,2026-05-03,4,FI,quantile,0.25,2179.6333541753215
2026-04-15,ARI incidence,2026-05-03,4,FI,quantile,0.3,2287.3741398007796
2026-04-15,ARI incidence,2026-05-03,4,FI,quantile,0.35,2389.508382366057
2026-04-15,ARI incidence,2026-05-03,4,FI,quantile,0.4,2488.46539028724
2026-04-15,ARI incidence,2026-05-03,4,FI,quantile,0.45,2586.0989047837
2026-04-15,ARI incidence,2026-05-03,4,FI,quantile,0.5,2683.9999999999995
2026-04-15,ARI incidence,2026-05-03,4,FI,quantile,0.55,2783.7014394390612
2026-04-15,ARI incidence,2026-05-03,4,FI,quantile,0.6,2886.852481355719
2026-04-15,ARI incidence,2026-05-03,4,FI,quantile,0.65,2995.419335185174
2026-04-15,ARI incidence,2026-05-03,4,FI,quantile,0.7,3111.979104681232
2026-04-15,ARI incidence,2026-05-03,4,FI,quantile,0.75,3240.235883514387
2026-04-15,ARI incidence,2026-05-03,4,FI,quantile,0.8,3386.072496035928
2026-04-15,ARI incidence,2026-05-03,4,FI,quantile,0.85,3560.073035145016
2026-04-15,ARI incidence,2026-05-03,4,FI,quantile,0.9,3785.135135178648
2026-04-15,ARI incidence,2026-05-03,4,FI,quantile,0.95,4131.267372192128
2026-04-15,ARI incidence,2026-05-03,4,FI,quantile,0.975,4443.620076747455
2026-04-15,ARI incidence,2026-05-03,4,FI,quantile,0.99,4820.959399910726
2026-04-15,ARI incidence,2026-05-03,4,LT,quantile,0.01,334.4337367785994
2026-04-15,ARI incidence,2026-05-03,4,LT,quantile,0.025,379.31638889529785
2026-04-15,ARI incidence,2026-05-03,4,LT,quantile,0.05,422.70689992414924
2026-04-15,ARI incidence,2026-05-03,4,LT,quantile,0.1,478.92865980278293
2026-04-15,ARI incidence,2026-05-03,4,LT,quantile,0.15,521.0273910293342
2026-04-15,ARI incidence,2026-05-03,4,LT,quantile,0.2,557.1099456803958
2026-04-15,ARI incidence,2026-05-03,4,LT,quantile,0.25,590.0506160050943
2026-04-15,ARI incidence,2026-05-03,4,LT,quantile,0.3,621.2889982625638
2026-04-15,ARI incidence,2026-05-03,4,LT,quantile,0.35,651.7104340834688
2026-04-15,ARI incidence,2026-05-03,4,LT,quantile,0.4,681.9536268839815
2026-04-15,ARI incidence,2026-05-03,4,LT,quantile,0.45,712.549410594293
2026-04-15,ARI incidence,2026-05-03,4,LT,quantile,0.5,743.9999999999998
2026-04-15,ARI incidence,2026-05-03,4,LT,quantile,0.55,776.8387592073508
2026-04-15,ARI incidence,2026-05-03,4,LT,quantile,0.6,811.691555229709
2026-04-15,ARI incidence,2026-05-03,4,LT,quantile,0.65,849.3588119061858
2026-04-15,ARI incidence,2026-05-03,4,LT,quantile,0.7,890.9476935016786
2026-04-15,ARI incidence,2026-05-03,4,LT,quantile,0.75,938.1161293376578
2026-04-15,ARI incidence,2026-05-03,4,LT,quantile,0.8,993.5848467468459
2026-04-15,ARI incidence,2026-05-03,4,LT,quantile,0.85,1062.393282062277
2026-04-15,ARI incidence,2026-05-03,4,LT,quantile,0.9,1155.7796525017718
2026-04-15,ARI incidence,2026-05-03,4,LT,quantile,0.95,1309.503109836453
2026-04-15,ARI incidence,2026-05-03,4,LT,quantile,0.975,1459.298928823219
2026-04-15,ARI incidence,2026-05-03,4,LT,quantile,0.99,1655.1440214491565
2026-04-15,ARI incidence,2026-05-03,4,LV,quantile,0.01,540.844991342598
2026-04-15,ARI incidence,2026-05-03,4,LV,quantile,0.025,647.7243968203113
2026-04-15,ARI incidence,2026-05-03,4,LV,quantile,0.05,743.76630324092
2026-04-15,ARI incidence,2026-05-03,4,LV,quantile,0.1,858.911987534148
2026-04-15,ARI incidence,2026-05-03,4,LV,quantile,0.15,939.1293703946131
2026-04-15,ARI incidence,2026-05-03,4,LV,quantile,0.2,1004.2742240869011
2026-04-15,ARI incidence,2026-05-03,4,LV,quantile,0.25,1061.1140110763681
2026-04-15,ARI incidence,2026-05-03,4,LV,quantile,0.3,1112.888018745666
2026-04-15,ARI incidence,2026-05-03,4,LV,quantile,0.35,1161.4679185130938
2026-04-15,ARI incidence,2026-05-03,4,LV,quantile,0.4,1208.0920907596897
2026-04-15,ARI incidence,2026-05-03,4,LV,quantile,0.45,1253.6810244482895
2026-04-15,ARI incidence,2026-05-03,4,LV,quantile,0.5,1298.9999999999998
2026-04-15,ARI incidence,2026-05-03,4,LV,quantile,0.55,1344.7610926122697
2026-04-15,ARI incidence,2026-05-03,4,LV,quantile,0.6,1391.7052769393495
2026-04-15,ARI incidence,2026-05-03,4,LV,quantile,0.65,1440.6909326927387
2026-04-15,ARI incidence,2026-05-03,4,LV,quantile,0.7,1492.8182170458847
2026-04-15,ARI incidence,2026-05-03,4,LV,quantile,0.75,1549.6425449312771
2026-04-15,ARI incidence,2026-05-03,4,LV,quantile,0.8,1613.6047260700173
2026-04-15,ARI incidence,2026-05-03,4,LV,quantile,0.85,1689.0556576798476
2026-04-15,ARI incidence,2026-05-03,4,LV,quantile,0.9,1785.3306257394822
2026-04-15,ARI incidence,2026-05-03,4,LV,quantile,0.95,1930.6996377228766
2026-04-15,ARI incidence,2026-05-03,4,LV,quantile,0.975,2059.297409506529
2026-04-15,ARI incidence,2026-05-03,4,LV,quantile,0.99,2211.66204432866
2026-04-15,ARI incidence,2026-05-03,4,RO,quantile,0.01,495.5819980883644
2026-04-15,ARI incidence,2026-05-03,4,RO,quantile,0.025,526.8665911945832
2026-04-15,ARI incidence,2026-05-03,4,RO,quantile,0.05,555.3481715111578
2026-04-15,ARI incidence,2026-05-03,4,RO,quantile,0.1,590.1016982015868
2026-04-15,ARI incidence,2026-05-03,4,RO,quantile,0.15,614.7702679581471
2026-04-15,ARI incidence,2026-05-03,4,RO,quantile,0.2,635.1094832934017
2026-04-15,ARI incidence,2026-05-03,4,RO,quantile,0.25,653.0941677980144
2026-04-15,ARI incidence,2026-05-03,4,RO,quantile,0.3,669.6785876549794
2026-04-15,ARI incidence,2026-05-03,4,RO,quantile,0.35,685.4222272920371
2026-04-15,ARI incidence,2026-05-03,4,RO,quantile,0.4,700.7035012863296
2026-04-15,ARI incidence,2026-05-03,4,RO,quantile,0.45,715.8125011165293
2026-04-15,ARI incidence,2026-05-03,4,RO,quantile,0.5,730.9999999999997
2026-04-15,ARI incidence,2026-05-03,4,RO,quantile,0.55,746.5097342760843
2026-04-15,ARI incidence,2026-05-03,4,RO,quantile,0.6,762.6064362730261
2026-04-15,ARI incidence,2026-05-03,4,RO,quantile,0.65,779.6085080449616
2026-04-15,ARI incidence,2026-05-03,4,RO,quantile,0.7,797.9365173839246
2026-04-15,ARI incidence,2026-05-03,4,RO,quantile,0.75,818.199007658669
2026-04-15,ARI incidence,2026-05-03,4,RO,quantile,0.8,841.3683216144651
2026-04-15,ARI incidence,2026-05-03,4,RO,quantile,0.85,869.2043643795382
2026-04-15,ARI incidence,2026-05-03,4,RO,quantile,0.9,905.5405223007078
2026-04-15,ARI incidence,2026-05-03,4,RO,quantile,0.95,962.2089842232665
2026-04-15,ARI incidence,2026-05-03,4,RO,quantile,0.975,1014.2244904700145
2026-04-15,ARI incidence,2026-05-03,4,RO,quantile,0.99,1078.2494159618782
2026-04-15,ARI incidence,2026-05-03,4,SI,quantile,0.01,402.39220508527245
2026-04-15,ARI incidence,2026-05-03,4,SI,quantile,0.025,490.11848295468656
2026-04-15,ARI incidence,2026-05-03,4,SI,quantile,0.05,577.2398605534149
2026-04-15,ARI incidence,2026-05-03,4,SI,quantile,0.1,692.6156933931842
2026-04-15,ARI incidence,2026-05-03,4,SI,quantile,0.15,780.3698843798187
2026-04-15,ARI incidence,2026-05-03,4,SI,quantile,0.2,856.2724977961915
2026-04-15,ARI incidence,2026-05-03,4,SI,quantile,0.25,925.9957279914372
2026-04-15,ARI incidence,2026-05-03,4,SI,quantile,0.3,992.4122816169023
2026-04-15,ARI incidence,2026-05-03,4,SI,quantile,0.35,1057.3076427458618
2026-04-15,ARI incidence,2026-05-03,4,SI,quantile,0.4,1121.9836561272798
2026-04-15,ARI incidence,2026-05-03,4,SI,quantile,0.45,1187.533378539222
2026-04-15,ARI incidence,2026-05-03,4,SI,quantile,0.5,1255
2026-04-15,ARI incidence,2026-05-03,4,SI,quantile,0.55,1325.4985419599575
2026-04-15,ARI incidence,2026-05-03,4,SI,quantile,0.6,1400.3424700938751
2026-04-15,ARI incidence,2026-05-03,4,SI,quantile,0.65,1481.214277731142
2026-04-15,ARI incidence,2026-05-03,4,SI,quantile,0.7,1570.440849789119
2026-04-15,ARI incidence,2026-05-03,4,SI,quantile,0.75,1671.501351146026
2026-04-15,ARI incidence,2026-05-03,4,SI,quantile,0.8,1790.090325429309
2026-04-15,ARI incidence,2026-05-03,4,SI,quantile,0.85,1936.716142059339
2026-04-15,ARI incidence,2026-05-03,4,SI,quantile,0.9,2134.690574038503
2026-04-15,ARI incidence,2026-05-03,4,SI,quantile,0.95,2457.581644852254
2026-04-15,ARI incidence,2026-05-03,4,SI,quantile,0.975,2768.250776811389
2026-04-15,ARI incidence,2026-05-03,4,SI,quantile,0.99,3168.1578019623785
