target,location,target_end_date,horizon,output_type,output_type_id,value,origin_date
ILI incidence,GR,2026-04-12,1,quantile,0.01,444.53327879412865,2026-04-15
ILI incidence,GR,2026-04-19,2,quantile,0.01,348.55911842119514,2026-04-15
ILI incidence,GR,2026-04-26,3,quantile,0.01,376.5603617673678,2026-04-15
ILI incidence,GR,2026-05-03,4,quantile,0.01,351.3013416716356,2026-04-15
ILI incidence,GR,2026-04-12,1,quantile,0.025,448.33946621112653,2026-04-15
ILI incidence,GR,2026-04-19,2,quantile,0.025,423.84602394088074,2026-04-15
ILI incidence,GR,2026-04-26,3,quantile,0.025,410.69897641428764,2026-04-15
ILI incidence,GR,2026-05-03,4,quantile,0.025,357.6954809387562,2026-04-15
ILI incidence,GR,2026-04-12,1,quantile,0.05,465.34259943070185,2026-04-15
ILI incidence,GR,2026-04-19,2,quantile,0.05,471.3982329331586,2026-04-15
ILI incidence,GR,2026-04-26,3,quantile,0.05,424.3465645133092,2026-04-15
ILI incidence,GR,2026-05-03,4,quantile,0.05,387.18563350129074,2026-04-15
ILI incidence,GR,2026-04-12,1,quantile,0.1,484.2973558053612,2026-04-15
ILI incidence,GR,2026-04-19,2,quantile,0.1,507.144197101376,2026-04-15
ILI incidence,GR,2026-04-26,3,quantile,0.1,429.180240356709,2026-04-15
ILI incidence,GR,2026-05-03,4,quantile,0.1,394.65876472759965,2026-04-15
ILI incidence,GR,2026-04-12,1,quantile,0.15,490.0581162202726,2026-04-15
ILI incidence,GR,2026-04-19,2,quantile,0.15,515.3989878856377,2026-04-15
ILI incidence,GR,2026-04-26,3,quantile,0.15,437.2535549645821,2026-04-15
ILI incidence,GR,2026-05-03,4,quantile,0.15,397.53460186522597,2026-04-15
ILI incidence,GR,2026-04-12,1,quantile,0.2,493.2415227292038,2026-04-15
ILI incidence,GR,2026-04-19,2,quantile,0.2,519.0753946623523,2026-04-15
ILI incidence,GR,2026-04-26,3,quantile,0.2,462.7765661389866,2026-04-15
ILI incidence,GR,2026-05-03,4,quantile,0.2,402.8056724726532,2026-04-15
ILI incidence,GR,2026-04-12,1,quantile,0.25,496.8554219297928,2026-04-15
ILI incidence,GR,2026-04-19,2,quantile,0.25,522.0469086094367,2026-04-15
ILI incidence,GR,2026-04-26,3,quantile,0.25,468.4478627579315,2026-04-15
ILI incidence,GR,2026-05-03,4,quantile,0.25,408.4546008620229,2026-04-15
ILI incidence,GR,2026-04-12,1,quantile,0.3,499.5827898950808,2026-04-15
ILI incidence,GR,2026-04-19,2,quantile,0.3,523.6905545045317,2026-04-15
ILI incidence,GR,2026-04-26,3,quantile,0.3,470.08354993280443,2026-04-15
ILI incidence,GR,2026-05-03,4,quantile,0.3,421.25190544380314,2026-04-15
ILI incidence,GR,2026-04-12,1,quantile,0.35,501.06605663045303,2026-04-15
ILI incidence,GR,2026-04-19,2,quantile,0.35,527.476895697074,2026-04-15
ILI incidence,GR,2026-04-26,3,quantile,0.35,472.5380435495975,2026-04-15
ILI incidence,GR,2026-05-03,4,quantile,0.35,437.91497424644126,2026-04-15
ILI incidence,GR,2026-04-12,1,quantile,0.4,503.3606325724519,2026-04-15
ILI incidence,GR,2026-04-19,2,quantile,0.4,532.0850035533549,2026-04-15
ILI incidence,GR,2026-04-26,3,quantile,0.4,474.19256178806415,2026-04-15
ILI incidence,GR,2026-05-03,4,quantile,0.4,449.17418489806226,2026-04-15
ILI incidence,GR,2026-04-12,1,quantile,0.45,510.26751843149697,2026-04-15
ILI incidence,GR,2026-04-19,2,quantile,0.45,539.7048769703099,2026-04-15
ILI incidence,GR,2026-04-26,3,quantile,0.45,475.79434933962,2026-04-15
ILI incidence,GR,2026-05-03,4,quantile,0.45,452.48826184759463,2026-04-15
ILI incidence,GR,2026-04-12,1,quantile,0.5,517.1820650877497,2026-04-15
ILI incidence,GR,2026-04-19,2,quantile,0.5,545.5321209281199,2026-04-15
ILI incidence,GR,2026-04-26,3,quantile,0.5,477.29321558413045,2026-04-15
ILI incidence,GR,2026-05-03,4,quantile,0.5,456.09433326082006,2026-04-15
ILI incidence,GR,2026-04-12,1,quantile,0.55,521.2967340561327,2026-04-15
ILI incidence,GR,2026-04-19,2,quantile,0.55,550.6585404458956,2026-04-15
ILI incidence,GR,2026-04-26,3,quantile,0.55,478.6291374537104,2026-04-15
ILI incidence,GR,2026-05-03,4,quantile,0.55,460.1826787946069,2026-04-15
ILI incidence,GR,2026-04-12,1,quantile,0.6,524.7267193435732,2026-04-15
ILI incidence,GR,2026-04-19,2,quantile,0.6,554.2201604430838,2026-04-15
ILI incidence,GR,2026-04-26,3,quantile,0.6,482.9712425304465,2026-04-15
ILI incidence,GR,2026-05-03,4,quantile,0.6,468.4114354708802,2026-04-15
ILI incidence,GR,2026-04-12,1,quantile,0.65,528.8178168671209,2026-04-15
ILI incidence,GR,2026-04-19,2,quantile,0.65,557.3060630899324,2026-04-15
ILI incidence,GR,2026-04-26,3,quantile,0.65,486.98774326313116,2026-04-15
ILI incidence,GR,2026-05-03,4,quantile,0.65,470.42631001411996,2026-04-15
ILI incidence,GR,2026-04-12,1,quantile,0.7,537.3998724649464,2026-04-15
ILI incidence,GR,2026-04-19,2,quantile,0.7,559.4006514051551,2026-04-15
ILI incidence,GR,2026-04-26,3,quantile,0.7,490.4280701407948,2026-04-15
ILI incidence,GR,2026-05-03,4,quantile,0.7,472.01048507343245,2026-04-15
ILI incidence,GR,2026-04-12,1,quantile,0.75,544.1060009439637,2026-04-15
ILI incidence,GR,2026-04-19,2,quantile,0.75,561.5713034821964,2026-04-15
ILI incidence,GR,2026-04-26,3,quantile,0.75,495.37097304498593,2026-04-15
ILI incidence,GR,2026-05-03,4,quantile,0.75,475.17751385955916,2026-04-15
ILI incidence,GR,2026-04-12,1,quantile,0.8,555.4793663201939,2026-04-15
ILI incidence,GR,2026-04-19,2,quantile,0.8,563.6909129917715,2026-04-15
ILI incidence,GR,2026-04-26,3,quantile,0.8,506.0799688590102,2026-04-15
ILI incidence,GR,2026-05-03,4,quantile,0.8,479.69935241288806,2026-04-15
ILI incidence,GR,2026-04-12,1,quantile,0.85,567.6390181614748,2026-04-15
ILI incidence,GR,2026-04-19,2,quantile,0.85,565.2719536912857,2026-04-15
ILI incidence,GR,2026-04-26,3,quantile,0.85,524.0003989935511,2026-04-15
ILI incidence,GR,2026-05-03,4,quantile,0.85,485.08151445230646,2026-04-15
ILI incidence,GR,2026-04-12,1,quantile,0.9,590.7911392445224,2026-04-15
ILI incidence,GR,2026-04-19,2,quantile,0.9,566.3051039268485,2026-04-15
ILI incidence,GR,2026-04-26,3,quantile,0.9,540.9261568685014,2026-04-15
ILI incidence,GR,2026-05-03,4,quantile,0.9,494.3715309321196,2026-04-15
ILI incidence,GR,2026-04-12,1,quantile,0.95,616.2864556309478,2026-04-15
ILI incidence,GR,2026-04-19,2,quantile,0.95,578.120001147135,2026-04-15
ILI incidence,GR,2026-04-26,3,quantile,0.95,571.9014978732541,2026-04-15
ILI incidence,GR,2026-05-03,4,quantile,0.95,538.6097584386066,2026-04-15
ILI incidence,GR,2026-04-12,1,quantile,0.975,667.586091396559,2026-04-15
ILI incidence,GR,2026-04-19,2,quantile,0.975,614.5321472375231,2026-04-15
ILI incidence,GR,2026-04-26,3,quantile,0.975,580.0946392179574,2026-04-15
ILI incidence,GR,2026-05-03,4,quantile,0.975,547.030426094138,2026-04-15
ILI incidence,GR,2026-04-12,1,quantile,0.99,684.8900805057909,2026-04-15
ILI incidence,GR,2026-04-19,2,quantile,0.99,633.5296362932718,2026-04-15
ILI incidence,GR,2026-04-26,3,quantile,0.99,589.9504959997433,2026-04-15
ILI incidence,GR,2026-05-03,4,quantile,0.99,557.9984404267589,2026-04-15
ILI incidence,GR,2026-04-12,1,median,,517.1820650877497,2026-04-15
ILI incidence,GR,2026-04-19,2,median,,545.5321209281199,2026-04-15
ILI incidence,GR,2026-04-26,3,median,,477.29321558413045,2026-04-15
ILI incidence,GR,2026-05-03,4,median,,456.09433326082006,2026-04-15
ILI incidence,IS,2026-04-12,1,quantile,0.01,0.0,2026-04-15
ILI incidence,IS,2026-04-19,2,quantile,0.01,0.0,2026-04-15
ILI incidence,IS,2026-04-26,3,quantile,0.01,0.0,2026-04-15
ILI incidence,IS,2026-05-03,4,quantile,0.01,0.0,2026-04-15
ILI incidence,IS,2026-04-12,1,quantile,0.025,0.6978683121245094,2026-04-15
ILI incidence,IS,2026-04-19,2,quantile,0.025,1.7215196299449886,2026-04-15
ILI incidence,IS,2026-04-26,3,quantile,0.025,0.7819129866428144,2026-04-15
ILI incidence,IS,2026-05-03,4,quantile,0.025,0.6573435263517391,2026-04-15
ILI incidence,IS,2026-04-12,1,quantile,0.05,0.9632234404342662,2026-04-15
ILI incidence,IS,2026-04-19,2,quantile,0.05,1.8505766761686049,2026-04-15
ILI incidence,IS,2026-04-26,3,quantile,0.05,1.0218928537645,2026-04-15
ILI incidence,IS,2026-05-03,4,quantile,0.05,0.7938507680011136,2026-04-15
ILI incidence,IS,2026-04-12,1,quantile,0.1,1.1275493269285612,2026-04-15
ILI incidence,IS,2026-04-19,2,quantile,0.1,2.191401373649757,2026-04-15
ILI incidence,IS,2026-04-26,3,quantile,0.1,1.3128295338065286,2026-04-15
ILI incidence,IS,2026-05-03,4,quantile,0.1,1.0828415838253835,2026-04-15
ILI incidence,IS,2026-04-12,1,quantile,0.15,1.25528125366153,2026-04-15
ILI incidence,IS,2026-04-19,2,quantile,0.15,2.3217805816212755,2026-04-15
ILI incidence,IS,2026-04-26,3,quantile,0.15,1.5157921415705526,2026-04-15
ILI incidence,IS,2026-05-03,4,quantile,0.15,1.2483570836755669,2026-04-15
ILI incidence,IS,2026-04-12,1,quantile,0.2,1.3763303575667636,2026-04-15
ILI incidence,IS,2026-04-19,2,quantile,0.2,2.500573439479708,2026-04-15
ILI incidence,IS,2026-04-26,3,quantile,0.2,1.720715514767529,2026-04-15
ILI incidence,IS,2026-05-03,4,quantile,0.2,1.3335508133568592,2026-04-15
ILI incidence,IS,2026-04-12,1,quantile,0.25,1.4153830578895181,2026-04-15
ILI incidence,IS,2026-04-19,2,quantile,0.25,2.7695140373483516,2026-04-15
ILI incidence,IS,2026-04-26,3,quantile,0.25,1.898547553477137,2026-04-15
ILI incidence,IS,2026-05-03,4,quantile,0.25,1.3848386749251915,2026-04-15
ILI incidence,IS,2026-04-12,1,quantile,0.3,1.4714704159466092,2026-04-15
ILI incidence,IS,2026-04-19,2,quantile,0.3,2.91842506108111,2026-04-15
ILI incidence,IS,2026-04-26,3,quantile,0.3,2.0617525903598444,2026-04-15
ILI incidence,IS,2026-05-03,4,quantile,0.3,1.437244884035573,2026-04-15
ILI incidence,IS,2026-04-12,1,quantile,0.35,1.5184745981282042,2026-04-15
ILI incidence,IS,2026-04-19,2,quantile,0.35,3.12461206004664,2026-04-15
ILI incidence,IS,2026-04-26,3,quantile,0.35,2.226662631467008,2026-04-15
ILI incidence,IS,2026-05-03,4,quantile,0.35,1.4952392575583802,2026-04-15
ILI incidence,IS,2026-04-12,1,quantile,0.4,1.5419995290030086,2026-04-15
ILI incidence,IS,2026-04-19,2,quantile,0.4,3.2236848138305945,2026-04-15
ILI incidence,IS,2026-04-26,3,quantile,0.4,2.334737274835969,2026-04-15
ILI incidence,IS,2026-05-03,4,quantile,0.4,1.5753625527707578,2026-04-15
ILI incidence,IS,2026-04-12,1,quantile,0.45,1.562808853119455,2026-04-15
ILI incidence,IS,2026-04-19,2,quantile,0.45,3.3417515334953594,2026-04-15
ILI incidence,IS,2026-04-26,3,quantile,0.45,2.40367020985422,2026-04-15
ILI incidence,IS,2026-05-03,4,quantile,0.45,1.6691463388866699,2026-04-15
ILI incidence,IS,2026-04-12,1,quantile,0.5,1.624902278412817,2026-04-15
ILI incidence,IS,2026-04-19,2,quantile,0.5,3.4651415612020253,2026-04-15
ILI incidence,IS,2026-04-26,3,quantile,0.5,2.4416734786219143,2026-04-15
ILI incidence,IS,2026-05-03,4,quantile,0.5,1.888697593528447,2026-04-15
ILI incidence,IS,2026-04-12,1,quantile,0.55,1.6906680165760082,2026-04-15
ILI incidence,IS,2026-04-19,2,quantile,0.55,3.590128828231083,2026-04-15
ILI incidence,IS,2026-04-26,3,quantile,0.55,2.584902202788401,2026-04-15
ILI incidence,IS,2026-05-03,4,quantile,0.55,2.0860813883532647,2026-04-15
ILI incidence,IS,2026-04-12,1,quantile,0.6,1.7469681340873882,2026-04-15
ILI incidence,IS,2026-04-19,2,quantile,0.6,3.7197798895656464,2026-04-15
ILI incidence,IS,2026-04-26,3,quantile,0.6,2.6968561634599655,2026-04-15
ILI incidence,IS,2026-05-03,4,quantile,0.6,2.2264821266463475,2026-04-15
ILI incidence,IS,2026-04-12,1,quantile,0.65,1.8137980206239024,2026-04-15
ILI incidence,IS,2026-04-19,2,quantile,0.65,3.848102159781183,2026-04-15
ILI incidence,IS,2026-04-26,3,quantile,0.65,2.8207288014546847,2026-04-15
ILI incidence,IS,2026-05-03,4,quantile,0.65,2.2957051616496402,2026-04-15
ILI incidence,IS,2026-04-12,1,quantile,0.7,1.880895482971948,2026-04-15
ILI incidence,IS,2026-04-19,2,quantile,0.7,3.9475628827324485,2026-04-15
ILI incidence,IS,2026-04-26,3,quantile,0.7,2.9369827669154613,2026-04-15
ILI incidence,IS,2026-05-03,4,quantile,0.7,2.3773153778805387,2026-04-15
ILI incidence,IS,2026-04-12,1,quantile,0.75,1.9452662428253613,2026-04-15
ILI incidence,IS,2026-04-19,2,quantile,0.75,3.9705666722755133,2026-04-15
ILI incidence,IS,2026-04-26,3,quantile,0.75,3.2413657751976093,2026-04-15
ILI incidence,IS,2026-05-03,4,quantile,0.75,2.5170989014594123,2026-04-15
ILI incidence,IS,2026-04-12,1,quantile,0.8,2.035062290098265,2026-04-15
ILI incidence,IS,2026-04-19,2,quantile,0.8,4.010078696684912,2026-04-15
ILI incidence,IS,2026-04-26,3,quantile,0.8,3.48633166419049,2026-04-15
ILI incidence,IS,2026-05-03,4,quantile,0.8,2.648612730738963,2026-04-15
ILI incidence,IS,2026-04-12,1,quantile,0.85,2.3533258443740364,2026-04-15
ILI incidence,IS,2026-04-19,2,quantile,0.85,4.138992303027119,2026-04-15
ILI incidence,IS,2026-04-26,3,quantile,0.85,3.754192276735706,2026-04-15
ILI incidence,IS,2026-05-03,4,quantile,0.85,2.8651022746966057,2026-04-15
ILI incidence,IS,2026-04-12,1,quantile,0.9,2.672096262585376,2026-04-15
ILI incidence,IS,2026-04-19,2,quantile,0.9,4.871784918216093,2026-04-15
ILI incidence,IS,2026-04-26,3,quantile,0.9,4.051053331750994,2026-04-15
ILI incidence,IS,2026-05-03,4,quantile,0.9,3.6853818085393857,2026-04-15
ILI incidence,IS,2026-04-12,1,quantile,0.95,2.9647250991295886,2026-04-15
ILI incidence,IS,2026-04-19,2,quantile,0.95,5.282771044440985,2026-04-15
ILI incidence,IS,2026-04-26,3,quantile,0.95,4.206974042072857,2026-04-15
ILI incidence,IS,2026-05-03,4,quantile,0.95,3.9764556129988207,2026-04-15
ILI incidence,IS,2026-04-12,1,quantile,0.975,3.517367745444129,2026-04-15
ILI incidence,IS,2026-04-19,2,quantile,0.975,5.409194767000911,2026-04-15
ILI incidence,IS,2026-04-26,3,quantile,0.975,4.290219890323872,2026-04-15
ILI incidence,IS,2026-05-03,4,quantile,0.975,4.159243887297639,2026-04-15
ILI incidence,IS,2026-04-12,1,quantile,0.99,4.68692956081317,2026-04-15
ILI incidence,IS,2026-04-19,2,quantile,0.99,5.495043561443902,2026-04-15
ILI incidence,IS,2026-04-26,3,quantile,0.99,4.330506721534789,2026-04-15
ILI incidence,IS,2026-05-03,4,quantile,0.99,4.183210293530238,2026-04-15
ILI incidence,IS,2026-04-12,1,median,,1.624902278412817,2026-04-15
ILI incidence,IS,2026-04-19,2,median,,3.4651415612020253,2026-04-15
ILI incidence,IS,2026-04-26,3,median,,2.4416734786219143,2026-04-15
ILI incidence,IS,2026-05-03,4,median,,1.888697593528447,2026-04-15
ILI incidence,IE,2026-04-12,1,quantile,0.01,0.0,2026-04-15
ILI incidence,IE,2026-04-19,2,quantile,0.01,0.5798780160735488,2026-04-15
ILI incidence,IE,2026-04-26,3,quantile,0.01,1.4983498412860625,2026-04-15
ILI incidence,IE,2026-05-03,4,quantile,0.01,0.8909630207555963,2026-04-15
ILI incidence,IE,2026-04-12,1,quantile,0.025,0.4415717000962226,2026-04-15
ILI incidence,IE,2026-04-19,2,quantile,0.025,3.628156254646611,2026-04-15
ILI incidence,IE,2026-04-26,3,quantile,0.025,2.5668331138226144,2026-04-15
ILI incidence,IE,2026-05-03,4,quantile,0.025,3.4668265305646724,2026-04-15
ILI incidence,IE,2026-04-12,1,quantile,0.05,3.2781277549706296,2026-04-15
ILI incidence,IE,2026-04-19,2,quantile,0.05,3.985471547775667,2026-04-15
ILI incidence,IE,2026-04-26,3,quantile,0.05,3.7419269649162072,2026-04-15
ILI incidence,IE,2026-05-03,4,quantile,0.05,3.703139650279454,2026-04-15
ILI incidence,IE,2026-04-12,1,quantile,0.1,3.8428863557963826,2026-04-15
ILI incidence,IE,2026-04-19,2,quantile,0.1,4.148638221365017,2026-04-15
ILI incidence,IE,2026-04-26,3,quantile,0.1,4.449467516627758,2026-04-15
ILI incidence,IE,2026-05-03,4,quantile,0.1,4.230273790213503,2026-04-15
ILI incidence,IE,2026-04-12,1,quantile,0.15,4.723916966873226,2026-04-15
ILI incidence,IE,2026-04-19,2,quantile,0.15,4.225278360248036,2026-04-15
ILI incidence,IE,2026-04-26,3,quantile,0.15,4.8598850565530824,2026-04-15
ILI incidence,IE,2026-05-03,4,quantile,0.15,4.392503455924553,2026-04-15
ILI incidence,IE,2026-04-12,1,quantile,0.2,5.120365267937163,2026-04-15
ILI incidence,IE,2026-04-19,2,quantile,0.2,4.2681335936236025,2026-04-15
ILI incidence,IE,2026-04-26,3,quantile,0.2,5.120702844082376,2026-04-15
ILI incidence,IE,2026-05-03,4,quantile,0.2,4.641072280438964,2026-04-15
ILI incidence,IE,2026-04-12,1,quantile,0.25,5.287861273651355,2026-04-15
ILI incidence,IE,2026-04-19,2,quantile,0.25,4.377730990029211,2026-04-15
ILI incidence,IE,2026-04-26,3,quantile,0.25,5.19146889417393,2026-04-15
ILI incidence,IE,2026-05-03,4,quantile,0.25,4.970565374657606,2026-04-15
ILI incidence,IE,2026-04-12,1,quantile,0.3,5.485404774021803,2026-04-15
ILI incidence,IE,2026-04-19,2,quantile,0.3,4.540923033116351,2026-04-15
ILI incidence,IE,2026-04-26,3,quantile,0.3,5.235867755541453,2026-04-15
ILI incidence,IE,2026-05-03,4,quantile,0.3,5.096966997678859,2026-04-15
ILI incidence,IE,2026-04-12,1,quantile,0.35,5.67271242601385,2026-04-15
ILI incidence,IE,2026-04-19,2,quantile,0.35,4.661362892689345,2026-04-15
ILI incidence,IE,2026-04-26,3,quantile,0.35,5.669515271232073,2026-04-15
ILI incidence,IE,2026-05-03,4,quantile,0.35,5.303447255429354,2026-04-15
ILI incidence,IE,2026-04-12,1,quantile,0.4,6.054707573513997,2026-04-15
ILI incidence,IE,2026-04-19,2,quantile,0.4,4.857520038910061,2026-04-15
ILI incidence,IE,2026-04-26,3,quantile,0.4,6.130694422963919,2026-04-15
ILI incidence,IE,2026-05-03,4,quantile,0.4,5.441288384015717,2026-04-15
ILI incidence,IE,2026-04-12,1,quantile,0.45,6.22128179059511,2026-04-15
ILI incidence,IE,2026-04-19,2,quantile,0.45,5.035816060899894,2026-04-15
ILI incidence,IE,2026-04-26,3,quantile,0.45,6.348367474707084,2026-04-15
ILI incidence,IE,2026-05-03,4,quantile,0.45,5.560258600695739,2026-04-15
ILI incidence,IE,2026-04-12,1,quantile,0.5,6.278642550331831,2026-04-15
ILI incidence,IE,2026-04-19,2,quantile,0.5,5.447007478047912,2026-04-15
ILI incidence,IE,2026-04-26,3,quantile,0.5,6.5301120541753495,2026-04-15
ILI incidence,IE,2026-05-03,4,quantile,0.5,5.6517588883064125,2026-04-15
ILI incidence,IE,2026-04-12,1,quantile,0.55,6.4389004536765,2026-04-15
ILI incidence,IE,2026-04-19,2,quantile,0.55,5.6345967771479195,2026-04-15
ILI incidence,IE,2026-04-26,3,quantile,0.55,6.680081233051095,2026-04-15
ILI incidence,IE,2026-05-03,4,quantile,0.55,5.984118068738085,2026-04-15
ILI incidence,IE,2026-04-12,1,quantile,0.6,6.5237078854689825,2026-04-15
ILI incidence,IE,2026-04-19,2,quantile,0.6,5.81105715149892,2026-04-15
ILI incidence,IE,2026-04-26,3,quantile,0.6,7.090185656080822,2026-04-15
ILI incidence,IE,2026-05-03,4,quantile,0.6,6.459990217298291,2026-04-15
ILI incidence,IE,2026-04-12,1,quantile,0.65,6.567739309421562,2026-04-15
ILI incidence,IE,2026-04-19,2,quantile,0.65,6.020551126209265,2026-04-15
ILI incidence,IE,2026-04-26,3,quantile,0.65,7.167975317675394,2026-04-15
ILI incidence,IE,2026-05-03,4,quantile,0.65,6.531937668511486,2026-04-15
ILI incidence,IE,2026-04-12,1,quantile,0.7,7.757302224302815,2026-04-15
ILI incidence,IE,2026-04-19,2,quantile,0.7,6.603161615408007,2026-04-15
ILI incidence,IE,2026-04-26,3,quantile,0.7,7.2511062992880575,2026-04-15
ILI incidence,IE,2026-05-03,4,quantile,0.7,6.5698736129536455,2026-04-15
ILI incidence,IE,2026-04-12,1,quantile,0.75,7.904782590384942,2026-04-15
ILI incidence,IE,2026-04-19,2,quantile,0.75,6.674159403514667,2026-04-15
ILI incidence,IE,2026-04-26,3,quantile,0.75,7.397853356940243,2026-04-15
ILI incidence,IE,2026-05-03,4,quantile,0.75,6.957767840205282,2026-04-15
ILI incidence,IE,2026-04-12,1,quantile,0.8,8.126520902084277,2026-04-15
ILI incidence,IE,2026-04-19,2,quantile,0.8,7.060316587030505,2026-04-15
ILI incidence,IE,2026-04-26,3,quantile,0.8,7.576568108974826,2026-04-15
ILI incidence,IE,2026-05-03,4,quantile,0.8,7.286518685100886,2026-04-15
ILI incidence,IE,2026-04-12,1,quantile,0.85,8.469443004249642,2026-04-15
ILI incidence,IE,2026-04-19,2,quantile,0.85,7.338775275620618,2026-04-15
ILI incidence,IE,2026-04-26,3,quantile,0.85,7.774875505208034,2026-04-15
ILI incidence,IE,2026-05-03,4,quantile,0.85,7.373685837095489,2026-04-15
ILI incidence,IE,2026-04-12,1,quantile,0.9,8.84288789420979,2026-04-15
ILI incidence,IE,2026-04-19,2,quantile,0.9,7.575166932181697,2026-04-15
ILI incidence,IE,2026-04-26,3,quantile,0.9,7.987973046490253,2026-04-15
ILI incidence,IE,2026-05-03,4,quantile,0.9,7.478157424373784,2026-04-15
ILI incidence,IE,2026-04-12,1,quantile,0.95,10.491240552898436,2026-04-15
ILI incidence,IE,2026-04-19,2,quantile,0.95,8.505110931662436,2026-04-15
ILI incidence,IE,2026-04-26,3,quantile,0.95,8.164690294809873,2026-04-15
ILI incidence,IE,2026-05-03,4,quantile,0.95,9.092638813172663,2026-04-15
ILI incidence,IE,2026-04-12,1,quantile,0.975,10.858986597982714,2026-04-15
ILI incidence,IE,2026-04-19,2,quantile,0.975,8.67754851915182,2026-04-15
ILI incidence,IE,2026-04-26,3,quantile,0.975,9.394818874705313,2026-04-15
ILI incidence,IE,2026-05-03,4,quantile,0.975,9.66422519345461,2026-04-15
ILI incidence,IE,2026-04-12,1,quantile,0.99,11.009007373176601,2026-04-15
ILI incidence,IE,2026-04-19,2,quantile,0.99,9.393113114450621,2026-04-15
ILI incidence,IE,2026-04-26,3,quantile,0.99,9.673485771360124,2026-04-15
ILI incidence,IE,2026-05-03,4,quantile,0.99,10.466008275088665,2026-04-15
ILI incidence,IE,2026-04-12,1,median,,6.278642550331831,2026-04-15
ILI incidence,IE,2026-04-19,2,median,,5.447007478047912,2026-04-15
ILI incidence,IE,2026-04-26,3,median,,6.5301120541753495,2026-04-15
ILI incidence,IE,2026-05-03,4,median,,5.6517588883064125,2026-04-15
ILI incidence,LT,2026-04-12,1,quantile,0.01,0.0,2026-04-15
ILI incidence,LT,2026-04-19,2,quantile,0.01,2.753803572091212,2026-04-15
ILI incidence,LT,2026-04-26,3,quantile,0.01,0.9082817945911986,2026-04-15
ILI incidence,LT,2026-05-03,4,quantile,0.01,0.0,2026-04-15
ILI incidence,LT,2026-04-12,1,quantile,0.025,3.5067730868279754,2026-04-15
ILI incidence,LT,2026-04-19,2,quantile,0.025,3.630842102015068,2026-04-15
ILI incidence,LT,2026-04-26,3,quantile,0.025,3.7694151540456478,2026-04-15
ILI incidence,LT,2026-05-03,4,quantile,0.025,0.37746916220331056,2026-04-15
ILI incidence,LT,2026-04-12,1,quantile,0.05,4.903385330089503,2026-04-15
ILI incidence,LT,2026-04-19,2,quantile,0.05,4.252191585290043,2026-04-15
ILI incidence,LT,2026-04-26,3,quantile,0.05,3.9287617148709715,2026-04-15
ILI incidence,LT,2026-05-03,4,quantile,0.05,1.3892929593158898,2026-04-15
ILI incidence,LT,2026-04-12,1,quantile,0.1,7.038495429449516,2026-04-15
ILI incidence,LT,2026-04-19,2,quantile,0.1,5.105181202068824,2026-04-15
ILI incidence,LT,2026-04-26,3,quantile,0.1,4.2412209789137725,2026-04-15
ILI incidence,LT,2026-05-03,4,quantile,0.1,2.2864964541406985,2026-04-15
ILI incidence,LT,2026-04-12,1,quantile,0.15,8.140475195843157,2026-04-15
ILI incidence,LT,2026-04-19,2,quantile,0.15,6.363072494030504,2026-04-15
ILI incidence,LT,2026-04-26,3,quantile,0.15,5.1273288190016775,2026-04-15
ILI incidence,LT,2026-05-03,4,quantile,0.15,2.5731511484399636,2026-04-15
ILI incidence,LT,2026-04-12,1,quantile,0.2,8.964684166269958,2026-04-15
ILI incidence,LT,2026-04-19,2,quantile,0.2,6.656752610515283,2026-04-15
ILI incidence,LT,2026-04-26,3,quantile,0.2,5.76196629392338,2026-04-15
ILI incidence,LT,2026-05-03,4,quantile,0.2,2.8486595059997213,2026-04-15
ILI incidence,LT,2026-04-12,1,quantile,0.25,9.820730305024904,2026-04-15
ILI incidence,LT,2026-04-19,2,quantile,0.25,7.389758883755189,2026-04-15
ILI incidence,LT,2026-04-26,3,quantile,0.25,5.93012535483307,2026-04-15
ILI incidence,LT,2026-05-03,4,quantile,0.25,3.1206910615531984,2026-04-15
ILI incidence,LT,2026-04-12,1,quantile,0.3,10.326484041214343,2026-04-15
ILI incidence,LT,2026-04-19,2,quantile,0.3,8.674695044637277,2026-04-15
ILI incidence,LT,2026-04-26,3,quantile,0.3,6.523315630840579,2026-04-15
ILI incidence,LT,2026-05-03,4,quantile,0.3,3.3962052611266995,2026-04-15
ILI incidence,LT,2026-04-12,1,quantile,0.35,10.67595939662638,2026-04-15
ILI incidence,LT,2026-04-19,2,quantile,0.35,9.374934155054618,2026-04-15
ILI incidence,LT,2026-04-26,3,quantile,0.35,7.178442796942688,2026-04-15
ILI incidence,LT,2026-05-03,4,quantile,0.35,3.688411697536712,2026-04-15
ILI incidence,LT,2026-04-12,1,quantile,0.4,10.950129866319886,2026-04-15
ILI incidence,LT,2026-04-19,2,quantile,0.4,9.944589109054018,2026-04-15
ILI incidence,LT,2026-04-26,3,quantile,0.4,7.934798096942535,2026-04-15
ILI incidence,LT,2026-05-03,4,quantile,0.4,4.299808226860858,2026-04-15
ILI incidence,LT,2026-04-12,1,quantile,0.45,11.237766151347195,2026-04-15
ILI incidence,LT,2026-04-19,2,quantile,0.45,10.56365922653676,2026-04-15
ILI incidence,LT,2026-04-26,3,quantile,0.45,8.507826848901734,2026-04-15
ILI incidence,LT,2026-05-03,4,quantile,0.45,5.005192262243442,2026-04-15
ILI incidence,LT,2026-04-12,1,quantile,0.5,11.457006508393599,2026-04-15
ILI incidence,LT,2026-04-19,2,quantile,0.5,11.022427011791699,2026-04-15
ILI incidence,LT,2026-04-26,3,quantile,0.5,9.298592871983843,2026-04-15
ILI incidence,LT,2026-05-03,4,quantile,0.5,5.77846565373888,2026-04-15
ILI incidence,LT,2026-04-12,1,quantile,0.55,11.589440073421882,2026-04-15
ILI incidence,LT,2026-04-19,2,quantile,0.55,11.43083468018945,2026-04-15
ILI incidence,LT,2026-04-26,3,quantile,0.55,9.864350553330542,2026-04-15
ILI incidence,LT,2026-05-03,4,quantile,0.55,6.24755008576133,2026-04-15
ILI incidence,LT,2026-04-12,1,quantile,0.6,11.698600461505082,2026-04-15
ILI incidence,LT,2026-04-19,2,quantile,0.6,11.836568769735768,2026-04-15
ILI incidence,LT,2026-04-26,3,quantile,0.6,10.3430261971869,2026-04-15
ILI incidence,LT,2026-05-03,4,quantile,0.6,6.601160259646836,2026-04-15
ILI incidence,LT,2026-04-12,1,quantile,0.65,11.815974842967732,2026-04-15
ILI incidence,LT,2026-04-19,2,quantile,0.65,12.11551431297056,2026-04-15
ILI incidence,LT,2026-04-26,3,quantile,0.65,10.611551982218392,2026-04-15
ILI incidence,LT,2026-05-03,4,quantile,0.65,6.919260224485654,2026-04-15
ILI incidence,LT,2026-04-12,1,quantile,0.7,11.931727731786944,2026-04-15
ILI incidence,LT,2026-04-19,2,quantile,0.7,12.436000856233456,2026-04-15
ILI incidence,LT,2026-04-26,3,quantile,0.7,10.97303755421593,2026-04-15
ILI incidence,LT,2026-05-03,4,quantile,0.7,7.302547701790341,2026-04-15
ILI incidence,LT,2026-04-12,1,quantile,0.75,12.188801179188513,2026-04-15
ILI incidence,LT,2026-04-19,2,quantile,0.75,13.015581240735724,2026-04-15
ILI incidence,LT,2026-04-26,3,quantile,0.75,11.392029554429344,2026-04-15
ILI incidence,LT,2026-05-03,4,quantile,0.75,7.326120798294765,2026-04-15
ILI incidence,LT,2026-04-12,1,quantile,0.8,15.243375435639322,2026-04-15
ILI incidence,LT,2026-04-19,2,quantile,0.8,15.71501281136079,2026-04-15
ILI incidence,LT,2026-04-26,3,quantile,0.8,11.879252440414652,2026-04-15
ILI incidence,LT,2026-05-03,4,quantile,0.8,7.714818143402813,2026-04-15
ILI incidence,LT,2026-04-12,1,quantile,0.85,15.709252985025142,2026-04-15
ILI incidence,LT,2026-04-19,2,quantile,0.85,16.55939419439205,2026-04-15
ILI incidence,LT,2026-04-26,3,quantile,0.85,12.308299513354772,2026-04-15
ILI incidence,LT,2026-05-03,4,quantile,0.85,9.293947740792715,2026-04-15
ILI incidence,LT,2026-04-12,1,quantile,0.9,21.830806676957547,2026-04-15
ILI incidence,LT,2026-04-19,2,quantile,0.9,17.5633983908144,2026-04-15
ILI incidence,LT,2026-04-26,3,quantile,0.9,12.987663354665045,2026-04-15
ILI incidence,LT,2026-05-03,4,quantile,0.9,10.812714081722133,2026-04-15
ILI incidence,LT,2026-04-12,1,quantile,0.95,22.108631561902246,2026-04-15
ILI incidence,LT,2026-04-19,2,quantile,0.95,19.617509867904683,2026-04-15
ILI incidence,LT,2026-04-26,3,quantile,0.95,13.983295616191182,2026-04-15
ILI incidence,LT,2026-05-03,4,quantile,0.95,11.8202080356604,2026-04-15
ILI incidence,LT,2026-04-12,1,quantile,0.975,24.354250417325307,2026-04-15
ILI incidence,LT,2026-04-19,2,quantile,0.975,20.830689932917696,2026-04-15
ILI incidence,LT,2026-04-26,3,quantile,0.975,15.59194069541473,2026-04-15
ILI incidence,LT,2026-05-03,4,quantile,0.975,15.075051205433008,2026-04-15
ILI incidence,LT,2026-04-12,1,quantile,0.99,25.250381930856943,2026-04-15
ILI incidence,LT,2026-04-19,2,quantile,0.99,21.697050432010442,2026-04-15
ILI incidence,LT,2026-04-26,3,quantile,0.99,24.2989420855868,2026-04-15
ILI incidence,LT,2026-05-03,4,quantile,0.99,16.02284203313804,2026-04-15
ILI incidence,LT,2026-04-12,1,median,,11.457006508393599,2026-04-15
ILI incidence,LT,2026-04-19,2,median,,11.022427011791699,2026-04-15
ILI incidence,LT,2026-04-26,3,median,,9.298592871983843,2026-04-15
ILI incidence,LT,2026-05-03,4,median,,5.77846565373888,2026-04-15
ILI incidence,LU,2026-04-12,1,quantile,0.01,719.1905254256104,2026-04-15
ILI incidence,LU,2026-04-19,2,quantile,0.01,499.2475987199876,2026-04-15
ILI incidence,LU,2026-04-26,3,quantile,0.01,463.5451247991318,2026-04-15
ILI incidence,LU,2026-05-03,4,quantile,0.01,363.1331631531182,2026-04-15
ILI incidence,LU,2026-04-12,1,quantile,0.025,856.3745289890325,2026-04-15
ILI incidence,LU,2026-04-19,2,quantile,0.025,669.5625182251865,2026-04-15
ILI incidence,LU,2026-04-26,3,quantile,0.025,786.1231055804507,2026-04-15
ILI incidence,LU,2026-05-03,4,quantile,0.025,409.9373324707518,2026-04-15
ILI incidence,LU,2026-04-12,1,quantile,0.05,1357.9137870468774,2026-04-15
ILI incidence,LU,2026-04-19,2,quantile,0.05,1011.1197016911511,2026-04-15
ILI incidence,LU,2026-04-26,3,quantile,0.05,1089.3602833015166,2026-04-15
ILI incidence,LU,2026-05-03,4,quantile,0.05,482.13003595164884,2026-04-15
ILI incidence,LU,2026-04-12,1,quantile,0.1,1440.5070296439214,2026-04-15
ILI incidence,LU,2026-04-19,2,quantile,0.1,1429.5444714822822,2026-04-15
ILI incidence,LU,2026-04-26,3,quantile,0.1,1304.24733577043,2026-04-15
ILI incidence,LU,2026-05-03,4,quantile,0.1,691.996551587268,2026-04-15
ILI incidence,LU,2026-04-12,1,quantile,0.15,1534.2299466062602,2026-04-15
ILI incidence,LU,2026-04-19,2,quantile,0.15,1502.8086786242568,2026-04-15
ILI incidence,LU,2026-04-26,3,quantile,0.15,1346.7162466710768,2026-04-15
ILI incidence,LU,2026-05-03,4,quantile,0.15,842.6615036492775,2026-04-15
ILI incidence,LU,2026-04-12,1,quantile,0.2,1678.5535465575606,2026-04-15
ILI incidence,LU,2026-04-19,2,quantile,0.2,1617.8375354132754,2026-04-15
ILI incidence,LU,2026-04-26,3,quantile,0.2,1378.8776869093529,2026-04-15
ILI incidence,LU,2026-05-03,4,quantile,0.2,938.2241740485346,2026-04-15
ILI incidence,LU,2026-04-12,1,quantile,0.25,1765.6053973158846,2026-04-15
ILI incidence,LU,2026-04-19,2,quantile,0.25,1697.2521018949387,2026-04-15
ILI incidence,LU,2026-04-26,3,quantile,0.25,1414.4372346821017,2026-04-15
ILI incidence,LU,2026-05-03,4,quantile,0.25,959.3972759595549,2026-04-15
ILI incidence,LU,2026-04-12,1,quantile,0.3,1830.9481994832538,2026-04-15
ILI incidence,LU,2026-04-19,2,quantile,0.3,1757.3248098925724,2026-04-15
ILI incidence,LU,2026-04-26,3,quantile,0.3,1490.231753227172,2026-04-15
ILI incidence,LU,2026-05-03,4,quantile,0.3,972.7425095197475,2026-04-15
ILI incidence,LU,2026-04-12,1,quantile,0.35,1905.260242836711,2026-04-15
ILI incidence,LU,2026-04-19,2,quantile,0.35,1818.8782805603332,2026-04-15
ILI incidence,LU,2026-04-26,3,quantile,0.35,1539.9630610320175,2026-04-15
ILI incidence,LU,2026-05-03,4,quantile,0.35,987.8715111889954,2026-04-15
ILI incidence,LU,2026-04-12,1,quantile,0.4,1928.6045579042714,2026-04-15
ILI incidence,LU,2026-04-19,2,quantile,0.4,1834.1816219596021,2026-04-15
ILI incidence,LU,2026-04-26,3,quantile,0.4,1570.8146993854189,2026-04-15
ILI incidence,LU,2026-05-03,4,quantile,0.4,1024.0061002082316,2026-04-15
ILI incidence,LU,2026-04-12,1,quantile,0.45,1960.207691081086,2026-04-15
ILI incidence,LU,2026-04-19,2,quantile,0.45,1853.5764341257707,2026-04-15
ILI incidence,LU,2026-04-26,3,quantile,0.45,1619.7211386483064,2026-04-15
ILI incidence,LU,2026-05-03,4,quantile,0.45,1065.7279970472848,2026-04-15
ILI incidence,LU,2026-04-12,1,quantile,0.5,2014.3097833989086,2026-04-15
ILI incidence,LU,2026-04-19,2,quantile,0.5,1882.7728133268786,2026-04-15
ILI incidence,LU,2026-04-26,3,quantile,0.5,1746.588401063038,2026-04-15
ILI incidence,LU,2026-05-03,4,quantile,0.5,1082.5928106521346,2026-04-15
ILI incidence,LU,2026-04-12,1,quantile,0.55,2125.0944547547447,2026-04-15
ILI incidence,LU,2026-04-19,2,quantile,0.55,1907.4655213129818,2026-04-15
ILI incidence,LU,2026-04-26,3,quantile,0.55,1770.9116013017197,2026-04-15
ILI incidence,LU,2026-05-03,4,quantile,0.55,1114.3734726841776,2026-04-15
ILI incidence,LU,2026-04-12,1,quantile,0.6,2211.919655746575,2026-04-15
ILI incidence,LU,2026-04-19,2,quantile,0.6,1949.1948738372591,2026-04-15
ILI incidence,LU,2026-04-26,3,quantile,0.6,1795.4997091999664,2026-04-15
ILI incidence,LU,2026-05-03,4,quantile,0.6,1151.1728541986786,2026-04-15
ILI incidence,LU,2026-04-12,1,quantile,0.65,2294.705822112087,2026-04-15
ILI incidence,LU,2026-04-19,2,quantile,0.65,2033.4073670228213,2026-04-15
ILI incidence,LU,2026-04-26,3,quantile,0.65,1815.94917512398,2026-04-15
ILI incidence,LU,2026-05-03,4,quantile,0.65,1225.5914327793014,2026-04-15
ILI incidence,LU,2026-04-12,1,quantile,0.7,2331.6802685289604,2026-04-15
ILI incidence,LU,2026-04-19,2,quantile,0.7,2092.4766549701867,2026-04-15
ILI incidence,LU,2026-04-26,3,quantile,0.7,1869.3648310374717,2026-04-15
ILI incidence,LU,2026-05-03,4,quantile,0.7,1305.2391817851565,2026-04-15
ILI incidence,LU,2026-04-12,1,quantile,0.75,2361.9446918240824,2026-04-15
ILI incidence,LU,2026-04-19,2,quantile,0.75,2159.778019043088,2026-04-15
ILI incidence,LU,2026-04-26,3,quantile,0.75,1945.0055424140592,2026-04-15
ILI incidence,LU,2026-05-03,4,quantile,0.75,1346.4709183383122,2026-04-15
ILI incidence,LU,2026-04-12,1,quantile,0.8,2390.806166561813,2026-04-15
ILI incidence,LU,2026-04-19,2,quantile,0.8,2214.8169827607558,2026-04-15
ILI incidence,LU,2026-04-26,3,quantile,0.8,1963.7728556951686,2026-04-15
ILI incidence,LU,2026-05-03,4,quantile,0.8,1395.1372711963902,2026-04-15
ILI incidence,LU,2026-04-12,1,quantile,0.85,2503.4582156816205,2026-04-15
ILI incidence,LU,2026-04-19,2,quantile,0.85,2263.5482081010337,2026-04-15
ILI incidence,LU,2026-04-26,3,quantile,0.85,2004.445209342187,2026-04-15
ILI incidence,LU,2026-05-03,4,quantile,0.85,1458.9037342327686,2026-04-15
ILI incidence,LU,2026-04-12,1,quantile,0.9,2553.811612024753,2026-04-15
ILI incidence,LU,2026-04-19,2,quantile,0.9,2287.5536298218126,2026-04-15
ILI incidence,LU,2026-04-26,3,quantile,0.9,2115.1907647612056,2026-04-15
ILI incidence,LU,2026-05-03,4,quantile,0.9,1651.5546962160095,2026-04-15
ILI incidence,LU,2026-04-12,1,quantile,0.95,2719.5383717986974,2026-04-15
ILI incidence,LU,2026-04-19,2,quantile,0.95,2704.1214123160826,2026-04-15
ILI incidence,LU,2026-04-26,3,quantile,0.95,2395.082922711524,2026-04-15
ILI incidence,LU,2026-05-03,4,quantile,0.95,1712.0875449631549,2026-04-15
ILI incidence,LU,2026-04-12,1,quantile,0.975,2803.020304762979,2026-04-15
ILI incidence,LU,2026-04-19,2,quantile,0.975,2946.6825048632118,2026-04-15
ILI incidence,LU,2026-04-26,3,quantile,0.975,2442.58655769618,2026-04-15
ILI incidence,LU,2026-05-03,4,quantile,0.975,2094.184357068349,2026-04-15
ILI incidence,LU,2026-04-12,1,quantile,0.99,2837.7588511080135,2026-04-15
ILI incidence,LU,2026-04-19,2,quantile,0.99,3096.8648767189643,2026-04-15
ILI incidence,LU,2026-04-26,3,quantile,0.99,2467.9500920021055,2026-04-15
ILI incidence,LU,2026-05-03,4,quantile,0.99,2316.590997492,2026-04-15
ILI incidence,LU,2026-04-12,1,median,,2014.3097833989086,2026-04-15
ILI incidence,LU,2026-04-19,2,median,,1882.7728133268786,2026-04-15
ILI incidence,LU,2026-04-26,3,median,,1746.588401063038,2026-04-15
ILI incidence,LU,2026-05-03,4,median,,1082.5928106521346,2026-04-15
ILI incidence,NO,2026-04-12,1,quantile,0.01,20.354955853489436,2026-04-15
ILI incidence,NO,2026-04-19,2,quantile,0.01,19.038695030933997,2026-04-15
ILI incidence,NO,2026-04-26,3,quantile,0.01,14.264834278294904,2026-04-15
ILI incidence,NO,2026-05-03,4,quantile,0.01,2.1159669904131624,2026-04-15
ILI incidence,NO,2026-04-12,1,quantile,0.025,21.044899727508582,2026-04-15
ILI incidence,NO,2026-04-19,2,quantile,0.025,19.45254543746211,2026-04-15
ILI incidence,NO,2026-04-26,3,quantile,0.025,15.202491547819273,2026-04-15
ILI incidence,NO,2026-05-03,4,quantile,0.025,2.6569755931470977,2026-04-15
ILI incidence,NO,2026-04-12,1,quantile,0.05,22.069101265975362,2026-04-15
ILI incidence,NO,2026-04-19,2,quantile,0.05,19.710203078904176,2026-04-15
ILI incidence,NO,2026-04-26,3,quantile,0.05,15.848044822919267,2026-04-15
ILI incidence,NO,2026-05-03,4,quantile,0.05,3.1519260769980044,2026-04-15
ILI incidence,NO,2026-04-12,1,quantile,0.1,23.39602810228194,2026-04-15
ILI incidence,NO,2026-04-19,2,quantile,0.1,20.056335933634088,2026-04-15
ILI incidence,NO,2026-04-26,3,quantile,0.1,16.544227982909455,2026-04-15
ILI incidence,NO,2026-05-03,4,quantile,0.1,4.164800884096118,2026-04-15
ILI incidence,NO,2026-04-12,1,quantile,0.15,23.80290346465511,2026-04-15
ILI incidence,NO,2026-04-19,2,quantile,0.15,20.330361996518647,2026-04-15
ILI incidence,NO,2026-04-26,3,quantile,0.15,17.297636701184867,2026-04-15
ILI incidence,NO,2026-05-03,4,quantile,0.15,4.658383234139147,2026-04-15
ILI incidence,NO,2026-04-12,1,quantile,0.2,24.126618041115805,2026-04-15
ILI incidence,NO,2026-04-19,2,quantile,0.2,20.873046103177455,2026-04-15
ILI incidence,NO,2026-04-26,3,quantile,0.2,17.994689316759157,2026-04-15
ILI incidence,NO,2026-05-03,4,quantile,0.2,4.8342956907307375,2026-04-15
ILI incidence,NO,2026-04-12,1,quantile,0.25,24.624291101237578,2026-04-15
ILI incidence,NO,2026-04-19,2,quantile,0.25,21.7298872823889,2026-04-15
ILI incidence,NO,2026-04-26,3,quantile,0.25,18.37301306181229,2026-04-15
ILI incidence,NO,2026-05-03,4,quantile,0.25,4.914413783454467,2026-04-15
ILI incidence,NO,2026-04-12,1,quantile,0.3,24.97810863160236,2026-04-15
ILI incidence,NO,2026-04-19,2,quantile,0.3,23.186325960900874,2026-04-15
ILI incidence,NO,2026-04-26,3,quantile,0.3,18.73097012319161,2026-04-15
ILI incidence,NO,2026-05-03,4,quantile,0.3,5.015656986841679,2026-04-15
ILI incidence,NO,2026-04-12,1,quantile,0.35,25.497494936757388,2026-04-15
ILI incidence,NO,2026-04-19,2,quantile,0.35,24.204987213590304,2026-04-15
ILI incidence,NO,2026-04-26,3,quantile,0.35,19.0768175970913,2026-04-15
ILI incidence,NO,2026-05-03,4,quantile,0.35,5.153556725495008,2026-04-15
ILI incidence,NO,2026-04-12,1,quantile,0.4,26.24473577223732,2026-04-15
ILI incidence,NO,2026-04-19,2,quantile,0.4,25.05586020005076,2026-04-15
ILI incidence,NO,2026-04-26,3,quantile,0.4,19.515664842040845,2026-04-15
ILI incidence,NO,2026-05-03,4,quantile,0.4,5.52157771241122,2026-04-15
ILI incidence,NO,2026-04-12,1,quantile,0.45,26.73083750766235,2026-04-15
ILI incidence,NO,2026-04-19,2,quantile,0.45,25.48731576951799,2026-04-15
ILI incidence,NO,2026-04-26,3,quantile,0.45,20.44873308120452,2026-04-15
ILI incidence,NO,2026-05-03,4,quantile,0.45,6.022822294020563,2026-04-15
ILI incidence,NO,2026-04-12,1,quantile,0.5,26.97033359642655,2026-04-15
ILI incidence,NO,2026-04-19,2,quantile,0.5,26.28957076097044,2026-04-15
ILI incidence,NO,2026-04-26,3,quantile,0.5,21.458131996792012,2026-04-15
ILI incidence,NO,2026-05-03,4,quantile,0.5,6.778177025010221,2026-04-15
ILI incidence,NO,2026-04-12,1,quantile,0.55,28.931656420901106,2026-04-15
ILI incidence,NO,2026-04-19,2,quantile,0.55,26.68075571469454,2026-04-15
ILI incidence,NO,2026-04-26,3,quantile,0.55,22.033437234174873,2026-04-15
ILI incidence,NO,2026-05-03,4,quantile,0.55,7.527942320226824,2026-04-15
ILI incidence,NO,2026-04-12,1,quantile,0.6,29.65501741886893,2026-04-15
ILI incidence,NO,2026-04-19,2,quantile,0.6,27.097666425567528,2026-04-15
ILI incidence,NO,2026-04-26,3,quantile,0.6,22.34444310532591,2026-04-15
ILI incidence,NO,2026-05-03,4,quantile,0.6,8.207364305890541,2026-04-15
ILI incidence,NO,2026-04-12,1,quantile,0.65,30.279760539372113,2026-04-15
ILI incidence,NO,2026-04-19,2,quantile,0.65,27.529622782664145,2026-04-15
ILI incidence,NO,2026-04-26,3,quantile,0.65,23.33821052507601,2026-04-15
ILI incidence,NO,2026-05-03,4,quantile,0.65,8.529129476125641,2026-04-15
ILI incidence,NO,2026-04-12,1,quantile,0.7,30.7307004834619,2026-04-15
ILI incidence,NO,2026-04-19,2,quantile,0.7,28.083595722001387,2026-04-15
ILI incidence,NO,2026-04-26,3,quantile,0.7,23.78563678938256,2026-04-15
ILI incidence,NO,2026-05-03,4,quantile,0.7,8.739457749401057,2026-04-15
ILI incidence,NO,2026-04-12,1,quantile,0.75,31.163245666150683,2026-04-15
ILI incidence,NO,2026-04-19,2,quantile,0.75,28.289087732193124,2026-04-15
ILI incidence,NO,2026-04-26,3,quantile,0.75,24.121780434508697,2026-04-15
ILI incidence,NO,2026-05-03,4,quantile,0.75,9.609045744416115,2026-04-15
ILI incidence,NO,2026-04-12,1,quantile,0.8,31.815625936910298,2026-04-15
ILI incidence,NO,2026-04-19,2,quantile,0.8,28.669521569687827,2026-04-15
ILI incidence,NO,2026-04-26,3,quantile,0.8,24.569047319050778,2026-04-15
ILI incidence,NO,2026-05-03,4,quantile,0.8,10.41351122035502,2026-04-15
ILI incidence,NO,2026-04-12,1,quantile,0.85,32.94124170087386,2026-04-15
ILI incidence,NO,2026-04-19,2,quantile,0.85,29.107739482280543,2026-04-15
ILI incidence,NO,2026-04-26,3,quantile,0.85,24.792791259655306,2026-04-15
ILI incidence,NO,2026-05-03,4,quantile,0.85,11.936806761246057,2026-04-15
ILI incidence,NO,2026-04-12,1,quantile,0.9,33.55177298282446,2026-04-15
ILI incidence,NO,2026-04-19,2,quantile,0.9,29.687159395136177,2026-04-15
ILI incidence,NO,2026-04-26,3,quantile,0.9,25.567799422520444,2026-04-15
ILI incidence,NO,2026-05-03,4,quantile,0.9,14.038080420586558,2026-04-15
ILI incidence,NO,2026-04-12,1,quantile,0.95,33.67216831906574,2026-04-15
ILI incidence,NO,2026-04-19,2,quantile,0.95,30.81289383780509,2026-04-15
ILI incidence,NO,2026-04-26,3,quantile,0.95,26.574750000176806,2026-04-15
ILI incidence,NO,2026-05-03,4,quantile,0.95,15.551954941695609,2026-04-15
ILI incidence,NO,2026-04-12,1,quantile,0.975,33.67848156453991,2026-04-15
ILI incidence,NO,2026-04-19,2,quantile,0.975,31.63963289776041,2026-04-15
ILI incidence,NO,2026-04-26,3,quantile,0.975,27.602710055780655,2026-04-15
ILI incidence,NO,2026-05-03,4,quantile,0.975,17.52200862830967,2026-04-15
ILI incidence,NO,2026-04-12,1,quantile,0.99,34.393915337681975,2026-04-15
ILI incidence,NO,2026-04-19,2,quantile,0.99,32.12000008826252,2026-04-15
ILI incidence,NO,2026-04-26,3,quantile,0.99,27.98615801448231,2026-04-15
ILI incidence,NO,2026-05-03,4,quantile,0.99,21.133449728249253,2026-04-15
ILI incidence,NO,2026-04-12,1,median,,26.97033359642655,2026-04-15
ILI incidence,NO,2026-04-19,2,median,,26.28957076097044,2026-04-15
ILI incidence,NO,2026-04-26,3,median,,21.458131996792012,2026-04-15
ILI incidence,NO,2026-05-03,4,median,,6.778177025010221,2026-04-15
ILI incidence,PL,2026-04-12,1,quantile,0.01,234.46602721999585,2026-04-15
ILI incidence,PL,2026-04-19,2,quantile,0.01,217.47441929579048,2026-04-15
ILI incidence,PL,2026-04-26,3,quantile,0.01,205.1423052276906,2026-04-15
ILI incidence,PL,2026-05-03,4,quantile,0.01,164.17520563239322,2026-04-15
ILI incidence,PL,2026-04-12,1,quantile,0.025,243.92879641036563,2026-04-15
ILI incidence,PL,2026-04-19,2,quantile,0.025,245.53102430769547,2026-04-15
ILI incidence,PL,2026-04-26,3,quantile,0.025,215.2235463381974,2026-04-15
ILI incidence,PL,2026-05-03,4,quantile,0.025,206.25228569193337,2026-04-15
ILI incidence,PL,2026-04-12,1,quantile,0.05,261.2101052527804,2026-04-15
ILI incidence,PL,2026-04-19,2,quantile,0.05,259.12808971832146,2026-04-15
ILI incidence,PL,2026-04-26,3,quantile,0.05,279.8963514472927,2026-04-15
ILI incidence,PL,2026-05-03,4,quantile,0.05,214.4965287144016,2026-04-15
ILI incidence,PL,2026-04-12,1,quantile,0.1,284.9615820512241,2026-04-15
ILI incidence,PL,2026-04-19,2,quantile,0.1,291.2313188983398,2026-04-15
ILI incidence,PL,2026-04-26,3,quantile,0.1,287.90168086602847,2026-04-15
ILI incidence,PL,2026-05-03,4,quantile,0.1,266.9854103099362,2026-04-15
ILI incidence,PL,2026-04-12,1,quantile,0.15,290.2635484985583,2026-04-15
ILI incidence,PL,2026-04-19,2,quantile,0.15,312.13437321270163,2026-04-15
ILI incidence,PL,2026-04-26,3,quantile,0.15,293.30011840320907,2026-04-15
ILI incidence,PL,2026-05-03,4,quantile,0.15,279.1217760790518,2026-04-15
ILI incidence,PL,2026-04-12,1,quantile,0.2,304.88095105043243,2026-04-15
ILI incidence,PL,2026-04-19,2,quantile,0.2,319.4083048267491,2026-04-15
ILI incidence,PL,2026-04-26,3,quantile,0.2,293.8849641054377,2026-04-15
ILI incidence,PL,2026-05-03,4,quantile,0.2,280.94687629528136,2026-04-15
ILI incidence,PL,2026-04-12,1,quantile,0.25,309.3170175314016,2026-04-15
ILI incidence,PL,2026-04-19,2,quantile,0.25,330.72652882683417,2026-04-15
ILI incidence,PL,2026-04-26,3,quantile,0.25,296.6563661468757,2026-04-15
ILI incidence,PL,2026-05-03,4,quantile,0.25,287.267611488511,2026-04-15
ILI incidence,PL,2026-04-12,1,quantile,0.3,315.44375647969196,2026-04-15
ILI incidence,PL,2026-04-19,2,quantile,0.3,337.87438476705137,2026-04-15
ILI incidence,PL,2026-04-26,3,quantile,0.3,298.2242009507586,2026-04-15
ILI incidence,PL,2026-05-03,4,quantile,0.3,290.6565987716732,2026-04-15
ILI incidence,PL,2026-04-12,1,quantile,0.35,321.03044963414055,2026-04-15
ILI incidence,PL,2026-04-19,2,quantile,0.35,341.4859429263925,2026-04-15
ILI incidence,PL,2026-04-26,3,quantile,0.35,299.5991351681156,2026-04-15
ILI incidence,PL,2026-05-03,4,quantile,0.35,293.5761047681756,2026-04-15
ILI incidence,PL,2026-04-12,1,quantile,0.4,325.76509662310514,2026-04-15
ILI incidence,PL,2026-04-19,2,quantile,0.4,345.4684645896354,2026-04-15
ILI incidence,PL,2026-04-26,3,quantile,0.4,299.96715579390525,2026-04-15
ILI incidence,PL,2026-05-03,4,quantile,0.4,294.1462694162096,2026-04-15
ILI incidence,PL,2026-04-12,1,quantile,0.45,328.76888990785625,2026-04-15
ILI incidence,PL,2026-04-19,2,quantile,0.45,348.57597222636747,2026-04-15
ILI incidence,PL,2026-04-26,3,quantile,0.45,301.6656380959888,2026-04-15
ILI incidence,PL,2026-05-03,4,quantile,0.45,303.79081443344825,2026-04-15
ILI incidence,PL,2026-04-12,1,quantile,0.5,331.2288830359555,2026-04-15
ILI incidence,PL,2026-04-19,2,quantile,0.5,350.97049666795436,2026-04-15
ILI incidence,PL,2026-04-26,3,quantile,0.5,303.300040529826,2026-04-15
ILI incidence,PL,2026-05-03,4,quantile,0.5,307.77038701725996,2026-04-15
ILI incidence,PL,2026-04-12,1,quantile,0.55,333.9446999382061,2026-04-15
ILI incidence,PL,2026-04-19,2,quantile,0.55,353.4850701788615,2026-04-15
ILI incidence,PL,2026-04-26,3,quantile,0.55,305.3856720354776,2026-04-15
ILI incidence,PL,2026-05-03,4,quantile,0.55,313.5097760489567,2026-04-15
ILI incidence,PL,2026-04-12,1,quantile,0.6,338.0693404766238,2026-04-15
ILI incidence,PL,2026-04-19,2,quantile,0.6,359.1438257818879,2026-04-15
ILI incidence,PL,2026-04-26,3,quantile,0.6,307.7094660891815,2026-04-15
ILI incidence,PL,2026-05-03,4,quantile,0.6,318.90618805404205,2026-04-15
ILI incidence,PL,2026-04-12,1,quantile,0.65,346.51400514071054,2026-04-15
ILI incidence,PL,2026-04-19,2,quantile,0.65,362.7445234497036,2026-04-15
ILI incidence,PL,2026-04-26,3,quantile,0.65,309.2989882736325,2026-04-15
ILI incidence,PL,2026-05-03,4,quantile,0.65,320.9908631243781,2026-04-15
ILI incidence,PL,2026-04-12,1,quantile,0.7,358.9359682759967,2026-04-15
ILI incidence,PL,2026-04-19,2,quantile,0.7,367.0054434942401,2026-04-15
ILI incidence,PL,2026-04-26,3,quantile,0.7,312.1443274497886,2026-04-15
ILI incidence,PL,2026-05-03,4,quantile,0.7,323.0351227089774,2026-04-15
ILI incidence,PL,2026-04-12,1,quantile,0.75,364.84623980609314,2026-04-15
ILI incidence,PL,2026-04-19,2,quantile,0.75,370.4428474796468,2026-04-15
ILI incidence,PL,2026-04-26,3,quantile,0.75,326.3946809611853,2026-04-15
ILI incidence,PL,2026-05-03,4,quantile,0.75,326.39789473642395,2026-04-15
ILI incidence,PL,2026-04-12,1,quantile,0.8,366.9075680037209,2026-04-15
ILI incidence,PL,2026-04-19,2,quantile,0.8,374.80892039819344,2026-04-15
ILI incidence,PL,2026-04-26,3,quantile,0.8,334.08000761811275,2026-04-15
ILI incidence,PL,2026-05-03,4,quantile,0.8,330.75179996784664,2026-04-15
ILI incidence,PL,2026-04-12,1,quantile,0.85,367.61371520471647,2026-04-15
ILI incidence,PL,2026-04-19,2,quantile,0.85,381.68101638533426,2026-04-15
ILI incidence,PL,2026-04-26,3,quantile,0.85,339.9176594288516,2026-04-15
ILI incidence,PL,2026-05-03,4,quantile,0.85,336.4832803881589,2026-04-15
ILI incidence,PL,2026-04-12,1,quantile,0.9,368.591508721236,2026-04-15
ILI incidence,PL,2026-04-19,2,quantile,0.9,402.04793066493727,2026-04-15
ILI incidence,PL,2026-04-26,3,quantile,0.9,344.038460512401,2026-04-15
ILI incidence,PL,2026-05-03,4,quantile,0.9,340.9143236380519,2026-04-15
ILI incidence,PL,2026-04-12,1,quantile,0.95,380.3882452898981,2026-04-15
ILI incidence,PL,2026-04-19,2,quantile,0.95,415.95676511893004,2026-04-15
ILI incidence,PL,2026-04-26,3,quantile,0.95,346.5162049317211,2026-04-15
ILI incidence,PL,2026-05-03,4,quantile,0.95,359.408801511486,2026-04-15
ILI incidence,PL,2026-04-12,1,quantile,0.975,415.9318860386526,2026-04-15
ILI incidence,PL,2026-04-19,2,quantile,0.975,424.9466057926762,2026-04-15
ILI incidence,PL,2026-04-26,3,quantile,0.975,350.3707295036731,2026-04-15
ILI incidence,PL,2026-05-03,4,quantile,0.975,394.8831527749586,2026-04-15
ILI incidence,PL,2026-04-12,1,quantile,0.99,423.74190579584535,2026-04-15
ILI incidence,PL,2026-04-19,2,quantile,0.99,431.9081899742146,2026-04-15
ILI incidence,PL,2026-04-26,3,quantile,0.99,372.2107336763145,2026-04-15
ILI incidence,PL,2026-05-03,4,quantile,0.99,415.099986592876,2026-04-15
ILI incidence,PL,2026-04-12,1,median,,331.2288830359555,2026-04-15
ILI incidence,PL,2026-04-19,2,median,,350.97049666795436,2026-04-15
ILI incidence,PL,2026-04-26,3,median,,303.300040529826,2026-04-15
ILI incidence,PL,2026-05-03,4,median,,307.77038701725996,2026-04-15
ILI incidence,SI,2026-04-12,1,quantile,0.01,0.0,2026-04-15
ILI incidence,SI,2026-04-19,2,quantile,0.01,0.0,2026-04-15
ILI incidence,SI,2026-04-26,3,quantile,0.01,0.0,2026-04-15
ILI incidence,SI,2026-05-03,4,quantile,0.01,0.0,2026-04-15
ILI incidence,SI,2026-04-12,1,quantile,0.025,0.0,2026-04-15
ILI incidence,SI,2026-04-19,2,quantile,0.025,0.0,2026-04-15
ILI incidence,SI,2026-04-26,3,quantile,0.025,0.0,2026-04-15
ILI incidence,SI,2026-05-03,4,quantile,0.025,0.0,2026-04-15
ILI incidence,SI,2026-04-12,1,quantile,0.05,0.0,2026-04-15
ILI incidence,SI,2026-04-19,2,quantile,0.05,0.0,2026-04-15
ILI incidence,SI,2026-04-26,3,quantile,0.05,0.0,2026-04-15
ILI incidence,SI,2026-05-03,4,quantile,0.05,0.0,2026-04-15
ILI incidence,SI,2026-04-12,1,quantile,0.1,0.0,2026-04-15
ILI incidence,SI,2026-04-19,2,quantile,0.1,0.6598859952763032,2026-04-15
ILI incidence,SI,2026-04-26,3,quantile,0.1,0.5897034086444619,2026-04-15
ILI incidence,SI,2026-05-03,4,quantile,0.1,0.0,2026-04-15
ILI incidence,SI,2026-04-12,1,quantile,0.15,0.17873876557467916,2026-04-15
ILI incidence,SI,2026-04-19,2,quantile,0.15,1.9397816516972841,2026-04-15
ILI incidence,SI,2026-04-26,3,quantile,0.15,0.9572748595277384,2026-04-15
ILI incidence,SI,2026-05-03,4,quantile,0.15,1.8342989908944556,2026-04-15
ILI incidence,SI,2026-04-12,1,quantile,0.2,0.5223918178732184,2026-04-15
ILI incidence,SI,2026-04-19,2,quantile,0.2,2.3817561233656375,2026-04-15
ILI incidence,SI,2026-04-26,3,quantile,0.2,1.277147804061792,2026-04-15
ILI incidence,SI,2026-05-03,4,quantile,0.2,2.489678171465649,2026-04-15
ILI incidence,SI,2026-04-12,1,quantile,0.25,5.310140772315755,2026-04-15
ILI incidence,SI,2026-04-19,2,quantile,0.25,2.9857021954118395,2026-04-15
ILI incidence,SI,2026-04-26,3,quantile,0.25,1.5482629907431837,2026-04-15
ILI incidence,SI,2026-05-03,4,quantile,0.25,2.9224795524039298,2026-04-15
ILI incidence,SI,2026-04-12,1,quantile,0.3,5.669850424317639,2026-04-15
ILI incidence,SI,2026-04-19,2,quantile,0.3,3.655000614031721,2026-04-15
ILI incidence,SI,2026-04-26,3,quantile,0.3,1.7722324719520848,2026-04-15
ILI incidence,SI,2026-05-03,4,quantile,0.3,3.190648762031131,2026-04-15
ILI incidence,SI,2026-04-12,1,quantile,0.35,6.142414082550236,2026-04-15
ILI incidence,SI,2026-04-19,2,quantile,0.35,4.088496538542325,2026-04-15
ILI incidence,SI,2026-04-26,3,quantile,0.35,2.144350997569466,2026-04-15
ILI incidence,SI,2026-05-03,4,quantile,0.35,3.408945158578586,2026-04-15
ILI incidence,SI,2026-04-12,1,quantile,0.4,6.427630787068502,2026-04-15
ILI incidence,SI,2026-04-19,2,quantile,0.4,4.5044505145858995,2026-04-15
ILI incidence,SI,2026-04-26,3,quantile,0.4,2.5476403106991814,2026-04-15
ILI incidence,SI,2026-05-03,4,quantile,0.4,3.5782913688710964,2026-04-15
ILI incidence,SI,2026-04-12,1,quantile,0.45,6.5619197881053575,2026-04-15
ILI incidence,SI,2026-04-19,2,quantile,0.45,5.0539852708282265,2026-04-15
ILI incidence,SI,2026-04-26,3,quantile,0.45,2.7563253884175714,2026-04-15
ILI incidence,SI,2026-05-03,4,quantile,0.45,3.904140195672991,2026-04-15
ILI incidence,SI,2026-04-12,1,quantile,0.5,6.875290280345005,2026-04-15
ILI incidence,SI,2026-04-19,2,quantile,0.5,5.49402600189128,2026-04-15
ILI incidence,SI,2026-04-26,3,quantile,0.5,2.907891403422065,2026-04-15
ILI incidence,SI,2026-05-03,4,quantile,0.5,4.495249316067536,2026-04-15
ILI incidence,SI,2026-04-12,1,quantile,0.55,7.117633697012929,2026-04-15
ILI incidence,SI,2026-04-19,2,quantile,0.55,5.876407883685141,2026-04-15
ILI incidence,SI,2026-04-26,3,quantile,0.55,3.1770961247966447,2026-04-15
ILI incidence,SI,2026-05-03,4,quantile,0.55,4.88224987737892,2026-04-15
ILI incidence,SI,2026-04-12,1,quantile,0.6,7.18479116860979,2026-04-15
ILI incidence,SI,2026-04-19,2,quantile,0.6,6.219749275909941,2026-04-15
ILI incidence,SI,2026-04-26,3,quantile,0.6,4.204004732481189,2026-04-15
ILI incidence,SI,2026-05-03,4,quantile,0.6,5.37194561598685,2026-04-15
ILI incidence,SI,2026-04-12,1,quantile,0.65,7.4825970612571,2026-04-15
ILI incidence,SI,2026-04-19,2,quantile,0.65,6.5020974517817685,2026-04-15
ILI incidence,SI,2026-04-26,3,quantile,0.65,5.243473764080971,2026-04-15
ILI incidence,SI,2026-05-03,4,quantile,0.65,5.954906019925179,2026-04-15
ILI incidence,SI,2026-04-12,1,quantile,0.7,8.014641290180366,2026-04-15
ILI incidence,SI,2026-04-19,2,quantile,0.7,6.9392069819105915,2026-04-15
ILI incidence,SI,2026-04-26,3,quantile,0.7,5.964023208626176,2026-04-15
ILI incidence,SI,2026-05-03,4,quantile,0.7,6.38707291739979,2026-04-15
ILI incidence,SI,2026-04-12,1,quantile,0.75,10.55630959607721,2026-04-15
ILI incidence,SI,2026-04-19,2,quantile,0.75,7.697207921382299,2026-04-15
ILI incidence,SI,2026-04-26,3,quantile,0.75,6.933797616075783,2026-04-15
ILI incidence,SI,2026-05-03,4,quantile,0.75,6.849712396654389,2026-04-15
ILI incidence,SI,2026-04-12,1,quantile,0.8,11.351317135718778,2026-04-15
ILI incidence,SI,2026-04-19,2,quantile,0.8,10.440107126295349,2026-04-15
ILI incidence,SI,2026-04-26,3,quantile,0.8,7.284923330122768,2026-04-15
ILI incidence,SI,2026-05-03,4,quantile,0.8,7.097618278274519,2026-04-15
ILI incidence,SI,2026-04-12,1,quantile,0.85,11.997130497417553,2026-04-15
ILI incidence,SI,2026-04-19,2,quantile,0.85,11.394514647742922,2026-04-15
ILI incidence,SI,2026-04-26,3,quantile,0.85,8.134764752436851,2026-04-15
ILI incidence,SI,2026-05-03,4,quantile,0.85,7.5390971511023706,2026-04-15
ILI incidence,SI,2026-04-12,1,quantile,0.9,13.968331537961786,2026-04-15
ILI incidence,SI,2026-04-19,2,quantile,0.9,11.900813009956694,2026-04-15
ILI incidence,SI,2026-04-26,3,quantile,0.9,9.02979105825103,2026-04-15
ILI incidence,SI,2026-05-03,4,quantile,0.9,8.54642990515697,2026-04-15
ILI incidence,SI,2026-04-12,1,quantile,0.95,14.91747815642378,2026-04-15
ILI incidence,SI,2026-04-19,2,quantile,0.95,13.283251329802942,2026-04-15
ILI incidence,SI,2026-04-26,3,quantile,0.95,13.227385438046769,2026-04-15
ILI incidence,SI,2026-05-03,4,quantile,0.95,9.71938477950601,2026-04-15
ILI incidence,SI,2026-04-12,1,quantile,0.975,15.473653904171751,2026-04-15
ILI incidence,SI,2026-04-19,2,quantile,0.975,15.139292782602979,2026-04-15
ILI incidence,SI,2026-04-26,3,quantile,0.975,15.75689218519859,2026-04-15
ILI incidence,SI,2026-05-03,4,quantile,0.975,10.393363188283534,2026-04-15
ILI incidence,SI,2026-04-12,1,quantile,0.99,16.94282042336501,2026-04-15
ILI incidence,SI,2026-04-19,2,quantile,0.99,16.004381110633396,2026-04-15
ILI incidence,SI,2026-04-26,3,quantile,0.99,16.511582562462564,2026-04-15
ILI incidence,SI,2026-05-03,4,quantile,0.99,11.574587205168159,2026-04-15
ILI incidence,SI,2026-04-12,1,median,,6.875290280345005,2026-04-15
ILI incidence,SI,2026-04-19,2,median,,5.49402600189128,2026-04-15
ILI incidence,SI,2026-04-26,3,median,,2.907891403422065,2026-04-15
ILI incidence,SI,2026-05-03,4,median,,4.495249316067536,2026-04-15
ARI incidence,BG,2026-04-12,1,quantile,0.01,488.6529845686325,2026-04-15
ARI incidence,BG,2026-04-19,2,quantile,0.01,437.87293899543505,2026-04-15
ARI incidence,BG,2026-04-26,3,quantile,0.01,391.6771672070186,2026-04-15
ARI incidence,BG,2026-05-03,4,quantile,0.01,337.22652778252524,2026-04-15
ARI incidence,BG,2026-04-12,1,quantile,0.025,498.8864236569747,2026-04-15
ARI incidence,BG,2026-04-19,2,quantile,0.025,443.9912852875875,2026-04-15
ARI incidence,BG,2026-04-26,3,quantile,0.025,406.2633692983621,2026-04-15
ARI incidence,BG,2026-05-03,4,quantile,0.025,349.1220758468817,2026-04-15
ARI incidence,BG,2026-04-12,1,quantile,0.05,524.5513320415247,2026-04-15
ARI incidence,BG,2026-04-19,2,quantile,0.05,465.29234059180743,2026-04-15
ARI incidence,BG,2026-04-26,3,quantile,0.05,427.9141862781425,2026-04-15
ARI incidence,BG,2026-05-03,4,quantile,0.05,356.26290602500814,2026-04-15
ARI incidence,BG,2026-04-12,1,quantile,0.1,533.0946925572446,2026-04-15
ARI incidence,BG,2026-04-19,2,quantile,0.1,539.0361022309163,2026-04-15
ARI incidence,BG,2026-04-26,3,quantile,0.1,454.44214343147235,2026-04-15
ARI incidence,BG,2026-05-03,4,quantile,0.1,376.9378833817638,2026-04-15
ARI incidence,BG,2026-04-12,1,quantile,0.15,541.3958536709426,2026-04-15
ARI incidence,BG,2026-04-19,2,quantile,0.15,549.9441750152104,2026-04-15
ARI incidence,BG,2026-04-26,3,quantile,0.15,462.1138968629039,2026-04-15
ARI incidence,BG,2026-05-03,4,quantile,0.15,422.38927210752166,2026-04-15
ARI incidence,BG,2026-04-12,1,quantile,0.2,549.1358797395316,2026-04-15
ARI incidence,BG,2026-04-19,2,quantile,0.2,561.2233120527421,2026-04-15
ARI incidence,BG,2026-04-26,3,quantile,0.2,464.45985554788183,2026-04-15
ARI incidence,BG,2026-05-03,4,quantile,0.2,428.89376119962145,2026-04-15
ARI incidence,BG,2026-04-12,1,quantile,0.25,556.0011684853113,2026-04-15
ARI incidence,BG,2026-04-19,2,quantile,0.25,566.3471867475155,2026-04-15
ARI incidence,BG,2026-04-26,3,quantile,0.25,473.2527322177222,2026-04-15
ARI incidence,BG,2026-05-03,4,quantile,0.25,433.24783960197107,2026-04-15
ARI incidence,BG,2026-04-12,1,quantile,0.3,563.9897404329064,2026-04-15
ARI incidence,BG,2026-04-19,2,quantile,0.3,569.0065736569094,2026-04-15
ARI incidence,BG,2026-04-26,3,quantile,0.3,497.8386157034959,2026-04-15
ARI incidence,BG,2026-05-03,4,quantile,0.3,434.1437105295087,2026-04-15
ARI incidence,BG,2026-04-12,1,quantile,0.35,571.0062910358627,2026-04-15
ARI incidence,BG,2026-04-19,2,quantile,0.35,572.2583367035202,2026-04-15
ARI incidence,BG,2026-04-26,3,quantile,0.35,513.8395877542296,2026-04-15
ARI incidence,BG,2026-05-03,4,quantile,0.35,436.4651308802835,2026-04-15
ARI incidence,BG,2026-04-12,1,quantile,0.4,577.4407332357054,2026-04-15
ARI incidence,BG,2026-04-19,2,quantile,0.4,576.726383924363,2026-04-15
ARI incidence,BG,2026-04-26,3,quantile,0.4,521.3786486862668,2026-04-15
ARI incidence,BG,2026-05-03,4,quantile,0.4,438.3497831532115,2026-04-15
ARI incidence,BG,2026-04-12,1,quantile,0.45,589.4930440114964,2026-04-15
ARI incidence,BG,2026-04-19,2,quantile,0.45,581.4347457306025,2026-04-15
ARI incidence,BG,2026-04-26,3,quantile,0.45,522.8067736176621,2026-04-15
ARI incidence,BG,2026-05-03,4,quantile,0.45,442.48712533281895,2026-04-15
ARI incidence,BG,2026-04-12,1,quantile,0.5,608.5614287356223,2026-04-15
ARI incidence,BG,2026-04-19,2,quantile,0.5,587.0444577774086,2026-04-15
ARI incidence,BG,2026-04-26,3,quantile,0.5,526.1322202640606,2026-04-15
ARI incidence,BG,2026-05-03,4,quantile,0.5,457.3126413336497,2026-04-15
ARI incidence,BG,2026-04-12,1,quantile,0.55,609.528882485599,2026-04-15
ARI incidence,BG,2026-04-19,2,quantile,0.55,591.1761788170936,2026-04-15
ARI incidence,BG,2026-04-26,3,quantile,0.55,530.3222693563497,2026-04-15
ARI incidence,BG,2026-05-03,4,quantile,0.55,468.4696764697062,2026-04-15
ARI incidence,BG,2026-04-12,1,quantile,0.6,615.8423869633702,2026-04-15
ARI incidence,BG,2026-04-19,2,quantile,0.6,599.7924450506256,2026-04-15
ARI incidence,BG,2026-04-26,3,quantile,0.6,538.6547286652428,2026-04-15
ARI incidence,BG,2026-05-03,4,quantile,0.6,473.6236452633802,2026-04-15
ARI incidence,BG,2026-04-12,1,quantile,0.65,638.4045663300116,2026-04-15
ARI incidence,BG,2026-04-19,2,quantile,0.65,609.1269591195439,2026-04-15
ARI incidence,BG,2026-04-26,3,quantile,0.65,544.5711895305633,2026-04-15
ARI incidence,BG,2026-05-03,4,quantile,0.65,476.08783868587375,2026-04-15
ARI incidence,BG,2026-04-12,1,quantile,0.7,651.849118736359,2026-04-15
ARI incidence,BG,2026-04-19,2,quantile,0.7,616.5469037876827,2026-04-15
ARI incidence,BG,2026-04-26,3,quantile,0.7,547.6896425227387,2026-04-15
ARI incidence,BG,2026-05-03,4,quantile,0.7,484.07300765095727,2026-04-15
ARI incidence,BG,2026-04-12,1,quantile,0.75,653.2441494193795,2026-04-15
ARI incidence,BG,2026-04-19,2,quantile,0.75,622.8003930137697,2026-04-15
ARI incidence,BG,2026-04-26,3,quantile,0.75,552.1934505502506,2026-04-15
ARI incidence,BG,2026-05-03,4,quantile,0.75,491.0305533527341,2026-04-15
ARI incidence,BG,2026-04-12,1,quantile,0.8,653.937407322076,2026-04-15
ARI incidence,BG,2026-04-19,2,quantile,0.8,633.1442401788366,2026-04-15
ARI incidence,BG,2026-04-26,3,quantile,0.8,557.456103508209,2026-04-15
ARI incidence,BG,2026-05-03,4,quantile,0.8,494.4408224222293,2026-04-15
ARI incidence,BG,2026-04-12,1,quantile,0.85,654.671125022074,2026-04-15
ARI incidence,BG,2026-04-19,2,quantile,0.85,640.7207467088796,2026-04-15
ARI incidence,BG,2026-04-26,3,quantile,0.85,561.5351747957118,2026-04-15
ARI incidence,BG,2026-05-03,4,quantile,0.85,497.45648715842975,2026-04-15
ARI incidence,BG,2026-04-12,1,quantile,0.9,662.986425060328,2026-04-15
ARI incidence,BG,2026-04-19,2,quantile,0.9,645.4632945606654,2026-04-15
ARI incidence,BG,2026-04-26,3,quantile,0.9,564.3767075641151,2026-04-15
ARI incidence,BG,2026-05-03,4,quantile,0.9,500.514279025526,2026-04-15
ARI incidence,BG,2026-04-12,1,quantile,0.95,666.332297867728,2026-04-15
ARI incidence,BG,2026-04-19,2,quantile,0.95,696.1041854769089,2026-04-15
ARI incidence,BG,2026-04-26,3,quantile,0.95,571.0045297924971,2026-04-15
ARI incidence,BG,2026-05-03,4,quantile,0.95,513.4032201776639,2026-04-15
ARI incidence,BG,2026-04-12,1,quantile,0.975,675.843120417753,2026-04-15
ARI incidence,BG,2026-04-19,2,quantile,0.975,782.2321985864187,2026-04-15
ARI incidence,BG,2026-04-26,3,quantile,0.975,585.3077685682086,2026-04-15
ARI incidence,BG,2026-05-03,4,quantile,0.975,569.2482873375766,2026-04-15
ARI incidence,BG,2026-04-12,1,quantile,0.99,715.7483241835707,2026-04-15
ARI incidence,BG,2026-04-19,2,quantile,0.99,786.3869390769636,2026-04-15
ARI incidence,BG,2026-04-26,3,quantile,0.99,607.5449035141439,2026-04-15
ARI incidence,BG,2026-05-03,4,quantile,0.99,578.2731626683914,2026-04-15
ARI incidence,BG,2026-04-12,1,median,,608.5614287356223,2026-04-15
ARI incidence,BG,2026-04-19,2,median,,587.0444577774086,2026-04-15
ARI incidence,BG,2026-04-26,3,median,,526.1322202640606,2026-04-15
ARI incidence,BG,2026-05-03,4,median,,457.3126413336497,2026-04-15
ARI incidence,DE,2026-04-12,1,quantile,0.01,791.482667080822,2026-04-15
ARI incidence,DE,2026-04-19,2,quantile,0.01,882.0387568374357,2026-04-15
ARI incidence,DE,2026-04-26,3,quantile,0.01,770.1160703651741,2026-04-15
ARI incidence,DE,2026-05-03,4,quantile,0.01,641.5773133765534,2026-04-15
ARI incidence,DE,2026-04-12,1,quantile,0.025,899.7451657720891,2026-04-15
ARI incidence,DE,2026-04-19,2,quantile,0.025,901.3352536159852,2026-04-15
ARI incidence,DE,2026-04-26,3,quantile,0.025,771.2539964587797,2026-04-15
ARI incidence,DE,2026-05-03,4,quantile,0.025,676.3406758822073,2026-04-15
ARI incidence,DE,2026-04-12,1,quantile,0.05,913.619819963018,2026-04-15
ARI incidence,DE,2026-04-19,2,quantile,0.05,920.1177497922939,2026-04-15
ARI incidence,DE,2026-04-26,3,quantile,0.05,923.2656508443955,2026-04-15
ARI incidence,DE,2026-05-03,4,quantile,0.05,692.4517416646821,2026-04-15
ARI incidence,DE,2026-04-12,1,quantile,0.1,923.0906961026534,2026-04-15
ARI incidence,DE,2026-04-19,2,quantile,0.1,921.510277102334,2026-04-15
ARI incidence,DE,2026-04-26,3,quantile,0.1,933.791880609125,2026-04-15
ARI incidence,DE,2026-05-03,4,quantile,0.1,720.7505198044126,2026-04-15
ARI incidence,DE,2026-04-12,1,quantile,0.15,932.8784101067242,2026-04-15
ARI incidence,DE,2026-04-19,2,quantile,0.15,945.0002767891493,2026-04-15
ARI incidence,DE,2026-04-26,3,quantile,0.15,941.3464580890571,2026-04-15
ARI incidence,DE,2026-05-03,4,quantile,0.15,734.3881043040365,2026-04-15
ARI incidence,DE,2026-04-12,1,quantile,0.2,940.94236253261,2026-04-15
ARI incidence,DE,2026-04-19,2,quantile,0.2,971.3288853592605,2026-04-15
ARI incidence,DE,2026-04-26,3,quantile,0.2,948.4204084854205,2026-04-15
ARI incidence,DE,2026-05-03,4,quantile,0.2,758.3586838058033,2026-04-15
ARI incidence,DE,2026-04-12,1,quantile,0.25,952.1346145054508,2026-04-15
ARI incidence,DE,2026-04-19,2,quantile,0.25,983.5727045870005,2026-04-15
ARI incidence,DE,2026-04-26,3,quantile,0.25,960.5483932141119,2026-04-15
ARI incidence,DE,2026-05-03,4,quantile,0.25,774.0047811058029,2026-04-15
ARI incidence,DE,2026-04-12,1,quantile,0.3,960.5188580681759,2026-04-15
ARI incidence,DE,2026-04-19,2,quantile,0.3,989.3908310311035,2026-04-15
ARI incidence,DE,2026-04-26,3,quantile,0.3,970.2029884054964,2026-04-15
ARI incidence,DE,2026-05-03,4,quantile,0.3,785.0002870387991,2026-04-15
ARI incidence,DE,2026-04-12,1,quantile,0.35,967.9879954800873,2026-04-15
ARI incidence,DE,2026-04-19,2,quantile,0.35,997.8411914183492,2026-04-15
ARI incidence,DE,2026-04-26,3,quantile,0.35,990.2793443904083,2026-04-15
ARI incidence,DE,2026-05-03,4,quantile,0.35,793.5340342000825,2026-04-15
ARI incidence,DE,2026-04-12,1,quantile,0.4,975.8651135497742,2026-04-15
ARI incidence,DE,2026-04-19,2,quantile,0.4,1008.7297816415314,2026-04-15
ARI incidence,DE,2026-04-26,3,quantile,0.4,995.4655546169944,2026-04-15
ARI incidence,DE,2026-05-03,4,quantile,0.4,803.3652248531628,2026-04-15
ARI incidence,DE,2026-04-12,1,quantile,0.45,982.3764852291085,2026-04-15
ARI incidence,DE,2026-04-19,2,quantile,0.45,1021.0724785000881,2026-04-15
ARI incidence,DE,2026-04-26,3,quantile,0.45,1008.3601051212886,2026-04-15
ARI incidence,DE,2026-05-03,4,quantile,0.45,807.0017140385488,2026-04-15
ARI incidence,DE,2026-04-12,1,quantile,0.5,987.2922560470605,2026-04-15
ARI incidence,DE,2026-04-19,2,quantile,0.5,1032.818222362386,2026-04-15
ARI incidence,DE,2026-04-26,3,quantile,0.5,1023.0143657087499,2026-04-15
ARI incidence,DE,2026-05-03,4,quantile,0.5,811.476444261732,2026-04-15
ARI incidence,DE,2026-04-12,1,quantile,0.55,994.3897820814897,2026-04-15
ARI incidence,DE,2026-04-19,2,quantile,0.55,1043.9577506568558,2026-04-15
ARI incidence,DE,2026-04-26,3,quantile,0.55,1058.5630622374078,2026-04-15
ARI incidence,DE,2026-05-03,4,quantile,0.55,814.0958803353508,2026-04-15
ARI incidence,DE,2026-04-12,1,quantile,0.6,1002.3975124846368,2026-04-15
ARI incidence,DE,2026-04-19,2,quantile,0.6,1055.7910698630635,2026-04-15
ARI incidence,DE,2026-04-26,3,quantile,0.6,1065.3138873959726,2026-04-15
ARI incidence,DE,2026-05-03,4,quantile,0.6,816.7623516718913,2026-04-15
ARI incidence,DE,2026-04-12,1,quantile,0.65,1012.9686812158318,2026-04-15
ARI incidence,DE,2026-04-19,2,quantile,0.65,1067.5210001280104,2026-04-15
ARI incidence,DE,2026-04-26,3,quantile,0.65,1069.452385480695,2026-04-15
ARI incidence,DE,2026-05-03,4,quantile,0.65,827.3842904884189,2026-04-15
ARI incidence,DE,2026-04-12,1,quantile,0.7,1018.13370606419,2026-04-15
ARI incidence,DE,2026-04-19,2,quantile,0.7,1075.929844019978,2026-04-15
ARI incidence,DE,2026-04-26,3,quantile,0.7,1073.7523282633533,2026-04-15
ARI incidence,DE,2026-05-03,4,quantile,0.7,838.313874457219,2026-04-15
ARI incidence,DE,2026-04-12,1,quantile,0.75,1056.1941501185847,2026-04-15
ARI incidence,DE,2026-04-19,2,quantile,0.75,1085.5414557999145,2026-04-15
ARI incidence,DE,2026-04-26,3,quantile,0.75,1076.61701752502,2026-04-15
ARI incidence,DE,2026-05-03,4,quantile,0.75,875.9317492450257,2026-04-15
ARI incidence,DE,2026-04-12,1,quantile,0.8,1096.182322866482,2026-04-15
ARI incidence,DE,2026-04-19,2,quantile,0.8,1091.6475130714648,2026-04-15
ARI incidence,DE,2026-04-26,3,quantile,0.8,1079.696629537495,2026-04-15
ARI incidence,DE,2026-05-03,4,quantile,0.8,912.6087298285232,2026-04-15
ARI incidence,DE,2026-04-12,1,quantile,0.85,1106.6329557540469,2026-04-15
ARI incidence,DE,2026-04-19,2,quantile,0.85,1099.1299529233158,2026-04-15
ARI incidence,DE,2026-04-26,3,quantile,0.85,1084.7679343373318,2026-04-15
ARI incidence,DE,2026-05-03,4,quantile,0.85,948.5469147978712,2026-04-15
ARI incidence,DE,2026-04-12,1,quantile,0.9,1124.3294730799478,2026-04-15
ARI incidence,DE,2026-04-19,2,quantile,0.9,1111.857860263517,2026-04-15
ARI incidence,DE,2026-04-26,3,quantile,0.9,1091.68662060708,2026-04-15
ARI incidence,DE,2026-05-03,4,quantile,0.9,1000.6548292806177,2026-04-15
ARI incidence,DE,2026-04-12,1,quantile,0.95,1156.5026241794762,2026-04-15
ARI incidence,DE,2026-04-19,2,quantile,0.95,1121.1983279805545,2026-04-15
ARI incidence,DE,2026-04-26,3,quantile,0.95,1111.8851318607135,2026-04-15
ARI incidence,DE,2026-05-03,4,quantile,0.95,1025.291771236337,2026-04-15
ARI incidence,DE,2026-04-12,1,quantile,0.975,1171.7222638578094,2026-04-15
ARI incidence,DE,2026-04-19,2,quantile,0.975,1138.3423521004688,2026-04-15
ARI incidence,DE,2026-04-26,3,quantile,0.975,1149.470820480443,2026-04-15
ARI incidence,DE,2026-05-03,4,quantile,0.975,1055.0868190150734,2026-04-15
ARI incidence,DE,2026-04-12,1,quantile,0.99,1182.2916101930507,2026-04-15
ARI incidence,DE,2026-04-19,2,quantile,0.99,1168.228902267728,2026-04-15
ARI incidence,DE,2026-04-26,3,quantile,0.99,1151.0520418314725,2026-04-15
ARI incidence,DE,2026-05-03,4,quantile,0.99,1087.4794007520313,2026-04-15
ARI incidence,DE,2026-04-12,1,median,,987.2922560470605,2026-04-15
ARI incidence,DE,2026-04-19,2,median,,1032.818222362386,2026-04-15
ARI incidence,DE,2026-04-26,3,median,,1023.0143657087499,2026-04-15
ARI incidence,DE,2026-05-03,4,median,,811.476444261732,2026-04-15
ARI incidence,LT,2026-04-12,1,quantile,0.01,486.07542459281547,2026-04-15
ARI incidence,LT,2026-04-19,2,quantile,0.01,344.7528415103909,2026-04-15
ARI incidence,LT,2026-04-26,3,quantile,0.01,332.5436547894268,2026-04-15
ARI incidence,LT,2026-05-03,4,quantile,0.01,346.57308894845596,2026-04-15
ARI incidence,LT,2026-04-12,1,quantile,0.025,530.9451774689461,2026-04-15
ARI incidence,LT,2026-04-19,2,quantile,0.025,486.10993989639087,2026-04-15
ARI incidence,LT,2026-04-26,3,quantile,0.025,429.6495480692415,2026-04-15
ARI incidence,LT,2026-05-03,4,quantile,0.025,402.2956774960361,2026-04-15
ARI incidence,LT,2026-04-12,1,quantile,0.05,593.0477731738256,2026-04-15
ARI incidence,LT,2026-04-19,2,quantile,0.05,518.711290153856,2026-04-15
ARI incidence,LT,2026-04-26,3,quantile,0.05,529.7768723414462,2026-04-15
ARI incidence,LT,2026-05-03,4,quantile,0.05,419.8206525382354,2026-04-15
ARI incidence,LT,2026-04-12,1,quantile,0.1,601.2296776536064,2026-04-15
ARI incidence,LT,2026-04-19,2,quantile,0.1,524.6830002411605,2026-04-15
ARI incidence,LT,2026-04-26,3,quantile,0.1,599.6251652662071,2026-04-15
ARI incidence,LT,2026-05-03,4,quantile,0.1,470.9550479391428,2026-04-15
ARI incidence,LT,2026-04-12,1,quantile,0.15,648.3612145029107,2026-04-15
ARI incidence,LT,2026-04-19,2,quantile,0.15,531.936353908059,2026-04-15
ARI incidence,LT,2026-04-26,3,quantile,0.15,609.8645238390575,2026-04-15
ARI incidence,LT,2026-05-03,4,quantile,0.15,485.85518556775145,2026-04-15
ARI incidence,LT,2026-04-12,1,quantile,0.2,654.5587810278197,2026-04-15
ARI incidence,LT,2026-04-19,2,quantile,0.2,542.8283136201701,2026-04-15
ARI incidence,LT,2026-04-26,3,quantile,0.2,621.1048718425163,2026-04-15
ARI incidence,LT,2026-05-03,4,quantile,0.2,499.5247814775884,2026-04-15
ARI incidence,LT,2026-04-12,1,quantile,0.25,659.4956450232593,2026-04-15
ARI incidence,LT,2026-04-19,2,quantile,0.25,558.892042964288,2026-04-15
ARI incidence,LT,2026-04-26,3,quantile,0.25,642.7882712885295,2026-04-15
ARI incidence,LT,2026-05-03,4,quantile,0.25,523.6505697161288,2026-04-15
ARI incidence,LT,2026-04-12,1,quantile,0.3,667.0049592209805,2026-04-15
ARI incidence,LT,2026-04-19,2,quantile,0.3,566.4810309288556,2026-04-15
ARI incidence,LT,2026-04-26,3,quantile,0.3,663.4996533960874,2026-04-15
ARI incidence,LT,2026-05-03,4,quantile,0.3,546.5132553807688,2026-04-15
ARI incidence,LT,2026-04-12,1,quantile,0.35,668.3845644602213,2026-04-15
ARI incidence,LT,2026-04-19,2,quantile,0.35,577.4614578684163,2026-04-15
ARI incidence,LT,2026-04-26,3,quantile,0.35,671.8914640928078,2026-04-15
ARI incidence,LT,2026-05-03,4,quantile,0.35,551.1114948008629,2026-04-15
ARI incidence,LT,2026-04-12,1,quantile,0.4,672.4142711557644,2026-04-15
ARI incidence,LT,2026-04-19,2,quantile,0.4,592.7913932510676,2026-04-15
ARI incidence,LT,2026-04-26,3,quantile,0.4,676.5789922708409,2026-04-15
ARI incidence,LT,2026-05-03,4,quantile,0.4,553.189024290546,2026-04-15
ARI incidence,LT,2026-04-12,1,quantile,0.45,678.2590644011517,2026-04-15
ARI incidence,LT,2026-04-19,2,quantile,0.45,599.423072510179,2026-04-15
ARI incidence,LT,2026-04-26,3,quantile,0.45,684.6284396748572,2026-04-15
ARI incidence,LT,2026-05-03,4,quantile,0.45,554.7504052793469,2026-04-15
ARI incidence,LT,2026-04-12,1,quantile,0.5,686.827030092384,2026-04-15
ARI incidence,LT,2026-04-19,2,quantile,0.5,602.1699895422845,2026-04-15
ARI incidence,LT,2026-04-26,3,quantile,0.5,688.3883900770243,2026-04-15
ARI incidence,LT,2026-05-03,4,quantile,0.5,573.8274073484864,2026-04-15
ARI incidence,LT,2026-04-12,1,quantile,0.55,697.3417598770211,2026-04-15
ARI incidence,LT,2026-04-19,2,quantile,0.55,606.9155699517418,2026-04-15
ARI incidence,LT,2026-04-26,3,quantile,0.55,694.6426535587659,2026-04-15
ARI incidence,LT,2026-05-03,4,quantile,0.55,585.5787612328904,2026-04-15
ARI incidence,LT,2026-04-12,1,quantile,0.6,707.5636135268583,2026-04-15
ARI incidence,LT,2026-04-19,2,quantile,0.6,612.8367714538467,2026-04-15
ARI incidence,LT,2026-04-26,3,quantile,0.6,700.6414966333348,2026-04-15
ARI incidence,LT,2026-05-03,4,quantile,0.6,592.5153537874745,2026-04-15
ARI incidence,LT,2026-04-12,1,quantile,0.65,719.6314770636476,2026-04-15
ARI incidence,LT,2026-04-19,2,quantile,0.65,620.1153882928211,2026-04-15
ARI incidence,LT,2026-04-26,3,quantile,0.65,706.7234699358982,2026-04-15
ARI incidence,LT,2026-05-03,4,quantile,0.65,596.3935968541825,2026-04-15
ARI incidence,LT,2026-04-12,1,quantile,0.7,736.798856352418,2026-04-15
ARI incidence,LT,2026-04-19,2,quantile,0.7,632.5223399913274,2026-04-15
ARI incidence,LT,2026-04-26,3,quantile,0.7,713.8013901866805,2026-04-15
ARI incidence,LT,2026-05-03,4,quantile,0.7,603.2374973784091,2026-04-15
ARI incidence,LT,2026-04-12,1,quantile,0.75,747.0016433468916,2026-04-15
ARI incidence,LT,2026-04-19,2,quantile,0.75,653.0149297735446,2026-04-15
ARI incidence,LT,2026-04-26,3,quantile,0.75,719.3648789420953,2026-04-15
ARI incidence,LT,2026-05-03,4,quantile,0.75,608.6487491340525,2026-04-15
ARI incidence,LT,2026-04-12,1,quantile,0.8,753.6458260906313,2026-04-15
ARI incidence,LT,2026-04-19,2,quantile,0.8,669.0580879753912,2026-04-15
ARI incidence,LT,2026-04-26,3,quantile,0.8,723.8984302309628,2026-04-15
ARI incidence,LT,2026-05-03,4,quantile,0.8,616.4889851635999,2026-04-15
ARI incidence,LT,2026-04-12,1,quantile,0.85,762.6974038677303,2026-04-15
ARI incidence,LT,2026-04-19,2,quantile,0.85,678.9205996055664,2026-04-15
ARI incidence,LT,2026-04-26,3,quantile,0.85,730.0221013828459,2026-04-15
ARI incidence,LT,2026-05-03,4,quantile,0.85,675.4880270312319,2026-04-15
ARI incidence,LT,2026-04-12,1,quantile,0.9,815.3052898187265,2026-04-15
ARI incidence,LT,2026-04-19,2,quantile,0.9,681.433942733151,2026-04-15
ARI incidence,LT,2026-04-26,3,quantile,0.9,738.3123762753985,2026-04-15
ARI incidence,LT,2026-05-03,4,quantile,0.9,746.3914502132815,2026-04-15
ARI incidence,LT,2026-04-12,1,quantile,0.95,820.9670098166382,2026-04-15
ARI incidence,LT,2026-04-19,2,quantile,0.95,715.3401729251362,2026-04-15
ARI incidence,LT,2026-04-26,3,quantile,0.95,773.3550626376568,2026-04-15
ARI incidence,LT,2026-05-03,4,quantile,0.95,784.0343366812612,2026-04-15
ARI incidence,LT,2026-04-12,1,quantile,0.975,824.5447623994273,2026-04-15
ARI incidence,LT,2026-04-19,2,quantile,0.975,769.1850853940779,2026-04-15
ARI incidence,LT,2026-04-26,3,quantile,0.975,815.6543258611513,2026-04-15
ARI incidence,LT,2026-05-03,4,quantile,0.975,802.5676923630049,2026-04-15
ARI incidence,LT,2026-04-12,1,quantile,0.99,825.0566449267347,2026-04-15
ARI incidence,LT,2026-04-19,2,quantile,0.99,806.3965356053193,2026-04-15
ARI incidence,LT,2026-04-26,3,quantile,0.99,863.8290971281974,2026-04-15
ARI incidence,LT,2026-05-03,4,quantile,0.99,840.9811074604836,2026-04-15
ARI incidence,LT,2026-04-12,1,median,,686.827030092384,2026-04-15
ARI incidence,LT,2026-04-19,2,median,,602.1699895422845,2026-04-15
ARI incidence,LT,2026-04-26,3,median,,688.3883900770243,2026-04-15
ARI incidence,LT,2026-05-03,4,median,,573.8274073484864,2026-04-15
ARI incidence,LU,2026-04-12,1,quantile,0.01,5269.9351200062765,2026-04-15
ARI incidence,LU,2026-04-19,2,quantile,0.01,5672.445332152122,2026-04-15
ARI incidence,LU,2026-04-26,3,quantile,0.01,6505.177745630186,2026-04-15
ARI incidence,LU,2026-05-03,4,quantile,0.01,6792.0790508658365,2026-04-15
ARI incidence,LU,2026-04-12,1,quantile,0.025,5691.250948367194,2026-04-15
ARI incidence,LU,2026-04-19,2,quantile,0.025,5999.71496359217,2026-04-15
ARI incidence,LU,2026-04-26,3,quantile,0.025,6564.794564133416,2026-04-15
ARI incidence,LU,2026-05-03,4,quantile,0.025,7068.4897688103765,2026-04-15
ARI incidence,LU,2026-04-12,1,quantile,0.05,6758.955975958055,2026-04-15
ARI incidence,LU,2026-04-19,2,quantile,0.05,6402.966761863533,2026-04-15
ARI incidence,LU,2026-04-26,3,quantile,0.05,6847.195650615429,2026-04-15
ARI incidence,LU,2026-05-03,4,quantile,0.05,7437.531259716104,2026-04-15
ARI incidence,LU,2026-04-12,1,quantile,0.1,7159.549930047117,2026-04-15
ARI incidence,LU,2026-04-19,2,quantile,0.1,7022.681556509988,2026-04-15
ARI incidence,LU,2026-04-26,3,quantile,0.1,7613.909813345952,2026-04-15
ARI incidence,LU,2026-05-03,4,quantile,0.1,8667.425189207279,2026-04-15
ARI incidence,LU,2026-04-12,1,quantile,0.15,7363.876636195077,2026-04-15
ARI incidence,LU,2026-04-19,2,quantile,0.15,7153.297179768779,2026-04-15
ARI incidence,LU,2026-04-26,3,quantile,0.15,7771.5671769027,2026-04-15
ARI incidence,LU,2026-05-03,4,quantile,0.15,8951.777054928489,2026-04-15
ARI incidence,LU,2026-04-12,1,quantile,0.2,7497.46726812926,2026-04-15
ARI incidence,LU,2026-04-19,2,quantile,0.2,7329.869567614373,2026-04-15
ARI incidence,LU,2026-04-26,3,quantile,0.2,7860.615594196376,2026-04-15
ARI incidence,LU,2026-05-03,4,quantile,0.2,9131.593728072154,2026-04-15
ARI incidence,LU,2026-04-12,1,quantile,0.25,7638.4004092631585,2026-04-15
ARI incidence,LU,2026-04-19,2,quantile,0.25,7583.807899247809,2026-04-15
ARI incidence,LU,2026-04-26,3,quantile,0.25,8243.655266829954,2026-04-15
ARI incidence,LU,2026-05-03,4,quantile,0.25,9453.05801207899,2026-04-15
ARI incidence,LU,2026-04-12,1,quantile,0.3,7687.087482735821,2026-04-15
ARI incidence,LU,2026-04-19,2,quantile,0.3,7654.183664736138,2026-04-15
ARI incidence,LU,2026-04-26,3,quantile,0.3,8467.355449762617,2026-04-15
ARI incidence,LU,2026-05-03,4,quantile,0.3,10261.541235775057,2026-04-15
ARI incidence,LU,2026-04-12,1,quantile,0.35,7789.691731454701,2026-04-15
ARI incidence,LU,2026-04-19,2,quantile,0.35,7719.136552926078,2026-04-15
ARI incidence,LU,2026-04-26,3,quantile,0.35,8760.631684336093,2026-04-15
ARI incidence,LU,2026-05-03,4,quantile,0.35,10384.795003366002,2026-04-15
ARI incidence,LU,2026-04-12,1,quantile,0.4,7884.063723637777,2026-04-15
ARI incidence,LU,2026-04-19,2,quantile,0.4,7819.64927352162,2026-04-15
ARI incidence,LU,2026-04-26,3,quantile,0.4,8903.275882117045,2026-04-15
ARI incidence,LU,2026-05-03,4,quantile,0.4,10556.728234286866,2026-04-15
ARI incidence,LU,2026-04-12,1,quantile,0.45,8112.579965451778,2026-04-15
ARI incidence,LU,2026-04-19,2,quantile,0.45,7952.406804994402,2026-04-15
ARI incidence,LU,2026-04-26,3,quantile,0.45,8952.855719402207,2026-04-15
ARI incidence,LU,2026-05-03,4,quantile,0.45,10562.625535554103,2026-04-15
ARI incidence,LU,2026-04-12,1,quantile,0.5,8249.215760506278,2026-04-15
ARI incidence,LU,2026-04-19,2,quantile,0.5,8014.691658368503,2026-04-15
ARI incidence,LU,2026-04-26,3,quantile,0.5,8994.680317436581,2026-04-15
ARI incidence,LU,2026-05-03,4,quantile,0.5,10633.118765255054,2026-04-15
ARI incidence,LU,2026-04-12,1,quantile,0.55,8362.336557281747,2026-04-15
ARI incidence,LU,2026-04-19,2,quantile,0.55,8064.930565601936,2026-04-15
ARI incidence,LU,2026-04-26,3,quantile,0.55,9039.888505153815,2026-04-15
ARI incidence,LU,2026-05-03,4,quantile,0.55,10728.947383114,2026-04-15
ARI incidence,LU,2026-04-12,1,quantile,0.6,8450.977652216603,2026-04-15
ARI incidence,LU,2026-04-19,2,quantile,0.6,8119.060344719012,2026-04-15
ARI incidence,LU,2026-04-26,3,quantile,0.6,9087.397714063045,2026-04-15
ARI incidence,LU,2026-05-03,4,quantile,0.6,10842.881734757153,2026-04-15
ARI incidence,LU,2026-04-12,1,quantile,0.65,8523.503094363932,2026-04-15
ARI incidence,LU,2026-04-19,2,quantile,0.65,8174.1904521419865,2026-04-15
ARI incidence,LU,2026-04-26,3,quantile,0.65,9143.8444751223,2026-04-15
ARI incidence,LU,2026-05-03,4,quantile,0.65,11019.376418790462,2026-04-15
ARI incidence,LU,2026-04-12,1,quantile,0.7,8592.087512961536,2026-04-15
ARI incidence,LU,2026-04-19,2,quantile,0.7,8214.613978636176,2026-04-15
ARI incidence,LU,2026-04-26,3,quantile,0.7,9258.484116543954,2026-04-15
ARI incidence,LU,2026-05-03,4,quantile,0.7,11065.504754132651,2026-04-15
ARI incidence,LU,2026-04-12,1,quantile,0.75,8647.54719851829,2026-04-15
ARI incidence,LU,2026-04-19,2,quantile,0.75,8242.538629163444,2026-04-15
ARI incidence,LU,2026-04-26,3,quantile,0.75,9356.604196565324,2026-04-15
ARI incidence,LU,2026-05-03,4,quantile,0.75,11118.898222222131,2026-04-15
ARI incidence,LU,2026-04-12,1,quantile,0.8,8808.362723973325,2026-04-15
ARI incidence,LU,2026-04-19,2,quantile,0.8,8307.109603974752,2026-04-15
ARI incidence,LU,2026-04-26,3,quantile,0.8,9445.977504231507,2026-04-15
ARI incidence,LU,2026-05-03,4,quantile,0.8,11177.55303916615,2026-04-15
ARI incidence,LU,2026-04-12,1,quantile,0.85,8976.57750661809,2026-04-15
ARI incidence,LU,2026-04-19,2,quantile,0.85,8400.007099228385,2026-04-15
ARI incidence,LU,2026-04-26,3,quantile,0.85,9642.558409031848,2026-04-15
ARI incidence,LU,2026-05-03,4,quantile,0.85,11672.89176360751,2026-04-15
ARI incidence,LU,2026-04-12,1,quantile,0.9,9307.34920217509,2026-04-15
ARI incidence,LU,2026-04-19,2,quantile,0.9,9045.13101363541,2026-04-15
ARI incidence,LU,2026-04-26,3,quantile,0.9,10186.323501030312,2026-04-15
ARI incidence,LU,2026-05-03,4,quantile,0.9,11807.281165601804,2026-04-15
ARI incidence,LU,2026-04-12,1,quantile,0.95,9725.212170680414,2026-04-15
ARI incidence,LU,2026-04-19,2,quantile,0.95,9733.251257066686,2026-04-15
ARI incidence,LU,2026-04-26,3,quantile,0.95,10592.890599663717,2026-04-15
ARI incidence,LU,2026-05-03,4,quantile,0.95,11857.11458751686,2026-04-15
ARI incidence,LU,2026-04-12,1,quantile,0.975,9883.982642965986,2026-04-15
ARI incidence,LU,2026-04-19,2,quantile,0.975,10041.872992579512,2026-04-15
ARI incidence,LU,2026-04-26,3,quantile,0.975,10701.605922554596,2026-04-15
ARI incidence,LU,2026-05-03,4,quantile,0.975,12051.78325720321,2026-04-15
ARI incidence,LU,2026-04-12,1,quantile,0.99,9997.834032381455,2026-04-15
ARI incidence,LU,2026-04-19,2,quantile,0.99,10106.59508420875,2026-04-15
ARI incidence,LU,2026-04-26,3,quantile,0.99,10784.496054329806,2026-04-15
ARI incidence,LU,2026-05-03,4,quantile,0.99,13239.823785035152,2026-04-15
ARI incidence,LU,2026-04-12,1,median,,8249.215760506278,2026-04-15
ARI incidence,LU,2026-04-19,2,median,,8014.691658368503,2026-04-15
ARI incidence,LU,2026-04-26,3,median,,8994.680317436581,2026-04-15
ARI incidence,LU,2026-05-03,4,median,,10633.118765255054,2026-04-15
ARI incidence,SI,2026-04-12,1,quantile,0.01,674.5996336316516,2026-04-15
ARI incidence,SI,2026-04-19,2,quantile,0.01,663.3037357288035,2026-04-15
ARI incidence,SI,2026-04-26,3,quantile,0.01,815.1065278764744,2026-04-15
ARI incidence,SI,2026-05-03,4,quantile,0.01,842.6700491681448,2026-04-15
ARI incidence,SI,2026-04-12,1,quantile,0.025,726.9563362749578,2026-04-15
ARI incidence,SI,2026-04-19,2,quantile,0.025,825.3790458071811,2026-04-15
ARI incidence,SI,2026-04-26,3,quantile,0.025,836.9153647372254,2026-04-15
ARI incidence,SI,2026-05-03,4,quantile,0.025,949.7087135838207,2026-04-15
ARI incidence,SI,2026-04-12,1,quantile,0.05,844.0166794919307,2026-04-15
ARI incidence,SI,2026-04-19,2,quantile,0.05,866.1686166176645,2026-04-15
ARI incidence,SI,2026-04-26,3,quantile,0.05,892.4123965742166,2026-04-15
ARI incidence,SI,2026-05-03,4,quantile,0.05,989.1942454306087,2026-04-15
ARI incidence,SI,2026-04-12,1,quantile,0.1,855.3415835545994,2026-04-15
ARI incidence,SI,2026-04-19,2,quantile,0.1,906.3219110633,2026-04-15
ARI incidence,SI,2026-04-26,3,quantile,0.1,917.0808777987826,2026-04-15
ARI incidence,SI,2026-05-03,4,quantile,0.1,1036.4177993101919,2026-04-15
ARI incidence,SI,2026-04-12,1,quantile,0.15,883.1933528077509,2026-04-15
ARI incidence,SI,2026-04-19,2,quantile,0.15,921.4853810851507,2026-04-15
ARI incidence,SI,2026-04-26,3,quantile,0.15,928.1719869297651,2026-04-15
ARI incidence,SI,2026-05-03,4,quantile,0.15,1046.5372283240533,2026-04-15
ARI incidence,SI,2026-04-12,1,quantile,0.2,935.5409827797986,2026-04-15
ARI incidence,SI,2026-04-19,2,quantile,0.2,928.5140063751884,2026-04-15
ARI incidence,SI,2026-04-26,3,quantile,0.2,934.3459208433583,2026-04-15
ARI incidence,SI,2026-05-03,4,quantile,0.2,1056.6405339054434,2026-04-15
ARI incidence,SI,2026-04-12,1,quantile,0.25,956.673800232262,2026-04-15
ARI incidence,SI,2026-04-19,2,quantile,0.25,938.8077486560851,2026-04-15
ARI incidence,SI,2026-04-26,3,quantile,0.25,949.3378949088662,2026-04-15
ARI incidence,SI,2026-05-03,4,quantile,0.25,1070.2251212581486,2026-04-15
ARI incidence,SI,2026-04-12,1,quantile,0.3,974.5753605732257,2026-04-15
ARI incidence,SI,2026-04-19,2,quantile,0.3,946.673148665631,2026-04-15
ARI incidence,SI,2026-04-26,3,quantile,0.3,980.0953564037629,2026-04-15
ARI incidence,SI,2026-05-03,4,quantile,0.3,1077.773312630609,2026-04-15
ARI incidence,SI,2026-04-12,1,quantile,0.35,983.0219483997564,2026-04-15
ARI incidence,SI,2026-04-19,2,quantile,0.35,976.112693121594,2026-04-15
ARI incidence,SI,2026-04-26,3,quantile,0.35,996.6902210327456,2026-04-15
ARI incidence,SI,2026-05-03,4,quantile,0.35,1078.6140281963615,2026-04-15
ARI incidence,SI,2026-04-12,1,quantile,0.4,989.519497952867,2026-04-15
ARI incidence,SI,2026-04-19,2,quantile,0.4,988.5111582680387,2026-04-15
ARI incidence,SI,2026-04-26,3,quantile,0.4,1005.5362636720467,2026-04-15
ARI incidence,SI,2026-05-03,4,quantile,0.4,1085.645119984075,2026-04-15
ARI incidence,SI,2026-04-12,1,quantile,0.45,1002.8880790507485,2026-04-15
ARI incidence,SI,2026-04-19,2,quantile,0.45,996.514533418007,2026-04-15
ARI incidence,SI,2026-04-26,3,quantile,0.45,1014.9981944476831,2026-04-15
ARI incidence,SI,2026-05-03,4,quantile,0.45,1096.3315892362061,2026-04-15
ARI incidence,SI,2026-04-12,1,quantile,0.5,1015.0573945717672,2026-04-15
ARI incidence,SI,2026-04-19,2,quantile,0.5,1004.6216991442377,2026-04-15
ARI incidence,SI,2026-04-26,3,quantile,0.5,1025.6905091051149,2026-04-15
ARI incidence,SI,2026-05-03,4,quantile,0.5,1107.1791347491223,2026-04-15
ARI incidence,SI,2026-04-12,1,quantile,0.55,1030.3088532203396,2026-04-15
ARI incidence,SI,2026-04-19,2,quantile,0.55,1014.0346763129858,2026-04-15
ARI incidence,SI,2026-04-26,3,quantile,0.55,1035.1401960467354,2026-04-15
ARI incidence,SI,2026-05-03,4,quantile,0.55,1118.6167049556634,2026-04-15
ARI incidence,SI,2026-04-12,1,quantile,0.6,1040.547406347332,2026-04-15
ARI incidence,SI,2026-04-19,2,quantile,0.6,1031.5186890864093,2026-04-15
ARI incidence,SI,2026-04-26,3,quantile,0.6,1039.6766159661156,2026-04-15
ARI incidence,SI,2026-05-03,4,quantile,0.6,1132.7568851100755,2026-04-15
ARI incidence,SI,2026-04-12,1,quantile,0.65,1056.7259938448763,2026-04-15
ARI incidence,SI,2026-04-19,2,quantile,0.65,1034.9481481452467,2026-04-15
ARI incidence,SI,2026-04-26,3,quantile,0.65,1045.6920160698148,2026-04-15
ARI incidence,SI,2026-05-03,4,quantile,0.65,1146.6121743799063,2026-04-15
ARI incidence,SI,2026-04-12,1,quantile,0.7,1084.642487156679,2026-04-15
ARI incidence,SI,2026-04-19,2,quantile,0.7,1038.4912221545976,2026-04-15
ARI incidence,SI,2026-04-26,3,quantile,0.7,1052.8361168623617,2026-04-15
ARI incidence,SI,2026-05-03,4,quantile,0.7,1158.3453100666063,2026-04-15
ARI incidence,SI,2026-04-12,1,quantile,0.75,1102.8041272474688,2026-04-15
ARI incidence,SI,2026-04-19,2,quantile,0.75,1040.8003301511826,2026-04-15
ARI incidence,SI,2026-04-26,3,quantile,0.75,1062.0867909303504,2026-04-15
ARI incidence,SI,2026-05-03,4,quantile,0.75,1171.6743539021404,2026-04-15
ARI incidence,SI,2026-04-12,1,quantile,0.8,1116.5786662607504,2026-04-15
ARI incidence,SI,2026-04-19,2,quantile,0.8,1046.9093676685088,2026-04-15
ARI incidence,SI,2026-04-26,3,quantile,0.8,1081.2808001464005,2026-04-15
ARI incidence,SI,2026-05-03,4,quantile,0.8,1174.6413651717894,2026-04-15
ARI incidence,SI,2026-04-12,1,quantile,0.85,1147.706299646641,2026-04-15
ARI incidence,SI,2026-04-19,2,quantile,0.85,1065.7816304298235,2026-04-15
ARI incidence,SI,2026-04-26,3,quantile,0.85,1129.025775408171,2026-04-15
ARI incidence,SI,2026-05-03,4,quantile,0.85,1194.5826221850086,2026-04-15
ARI incidence,SI,2026-04-12,1,quantile,0.9,1162.8914017585219,2026-04-15
ARI incidence,SI,2026-04-19,2,quantile,0.9,1128.728274509537,2026-04-15
ARI incidence,SI,2026-04-26,3,quantile,0.9,1150.4268734732161,2026-04-15
ARI incidence,SI,2026-05-03,4,quantile,0.9,1273.8048763755362,2026-04-15
ARI incidence,SI,2026-04-12,1,quantile,0.95,1176.1854846691815,2026-04-15
ARI incidence,SI,2026-04-19,2,quantile,0.95,1200.6538442854853,2026-04-15
ARI incidence,SI,2026-04-26,3,quantile,0.95,1168.6875274373806,2026-04-15
ARI incidence,SI,2026-05-03,4,quantile,0.95,1280.4774490884242,2026-04-15
ARI incidence,SI,2026-04-12,1,quantile,0.975,1184.0968412126847,2026-04-15
ARI incidence,SI,2026-04-19,2,quantile,0.975,1208.5968254866111,2026-04-15
ARI incidence,SI,2026-04-26,3,quantile,0.975,1178.200483676802,2026-04-15
ARI incidence,SI,2026-05-03,4,quantile,0.975,1283.6981203248636,2026-04-15
ARI incidence,SI,2026-04-12,1,quantile,0.99,1188.6451550196607,2026-04-15
ARI incidence,SI,2026-04-19,2,quantile,0.99,1290.166291326649,2026-04-15
ARI incidence,SI,2026-04-26,3,quantile,0.99,1227.1340410181413,2026-04-15
ARI incidence,SI,2026-05-03,4,quantile,0.99,1290.4315103684348,2026-04-15
ARI incidence,SI,2026-04-12,1,median,,1015.0573945717672,2026-04-15
ARI incidence,SI,2026-04-19,2,median,,1004.6216991442377,2026-04-15
ARI incidence,SI,2026-04-26,3,median,,1025.6905091051149,2026-04-15
ARI incidence,SI,2026-05-03,4,median,,1107.1791347491223,2026-04-15
